  WRAP    arch/arm64/include/generated/uapi/asm/kvm_para.h
  WRAP    arch/arm64/include/generated/uapi/asm/errno.h
  WRAP    arch/arm64/include/generated/uapi/asm/ioctl.h
  WRAP    arch/arm64/include/generated/uapi/asm/ioctls.h
  WRAP    arch/arm64/include/generated/uapi/asm/ipcbuf.h
  WRAP    arch/arm64/include/generated/uapi/asm/msgbuf.h
  WRAP    arch/arm64/include/generated/uapi/asm/poll.h
  WRAP    arch/arm64/include/generated/uapi/asm/resource.h
  WRAP    arch/arm64/include/generated/uapi/asm/sembuf.h
  WRAP    arch/arm64/include/generated/uapi/asm/shmbuf.h
  WRAP    arch/arm64/include/generated/uapi/asm/siginfo.h
  WRAP    arch/arm64/include/generated/uapi/asm/socket.h
  HOSTCC  scripts/dtc/dtc.o
  WRAP    arch/arm64/include/generated/uapi/asm/sockios.h
  WRAP    arch/arm64/include/generated/uapi/asm/stat.h
  WRAP    arch/arm64/include/generated/uapi/asm/swab.h
  WRAP    arch/arm64/include/generated/uapi/asm/termbits.h
  WRAP    arch/arm64/include/generated/uapi/asm/termios.h
  WRAP    arch/arm64/include/generated/uapi/asm/types.h
  UPD     include/config/kernel.release
  WRAP    arch/arm64/include/generated/asm/early_ioremap.h
  WRAP    arch/arm64/include/generated/asm/mcs_spinlock.h
  WRAP    arch/arm64/include/generated/asm/qrwlock.h
  WRAP    arch/arm64/include/generated/asm/qspinlock.h
  WRAP    arch/arm64/include/generated/asm/set_memory.h
  WRAP    arch/arm64/include/generated/asm/user.h
  WRAP    arch/arm64/include/generated/asm/bugs.h
  WRAP    arch/arm64/include/generated/asm/delay.h
  WRAP    arch/arm64/include/generated/asm/div64.h
  WRAP    arch/arm64/include/generated/asm/dma-mapping.h
  WRAP    arch/arm64/include/generated/asm/dma.h
  WRAP    arch/arm64/include/generated/asm/emergency-restart.h
  WRAP    arch/arm64/include/generated/asm/hw_irq.h
  WRAP    arch/arm64/include/generated/asm/irq_regs.h
  WRAP    arch/arm64/include/generated/asm/kdebug.h
  WRAP    arch/arm64/include/generated/asm/kmap_types.h
  WRAP    arch/arm64/include/generated/asm/local.h
  WRAP    arch/arm64/include/generated/asm/local64.h
  WRAP    arch/arm64/include/generated/asm/mm-arch-hooks.h
  WRAP    arch/arm64/include/generated/asm/mmiowb.h
  WRAP    arch/arm64/include/generated/asm/msi.h
  WRAP    arch/arm64/include/generated/asm/rwonce.h
  WRAP    arch/arm64/include/generated/asm/serial.h
  WRAP    arch/arm64/include/generated/asm/switch_to.h
  WRAP    arch/arm64/include/generated/asm/trace_clock.h
  WRAP    arch/arm64/include/generated/asm/unaligned.h
  WRAP    arch/arm64/include/generated/asm/vga.h
  HOSTCC  scripts/dtc/flattree.o
  UPD     include/generated/uapi/linux/version.h
  HOSTCC  scripts/dtc/fstree.o
  UPD     include/generated/utsrelease.h
  HOSTCC  scripts/dtc/data.o
  HOSTCC  scripts/dtc/livetree.o
  HOSTCC  scripts/dtc/treesource.o
  HOSTCC  scripts/dtc/srcpos.o
  HOSTCC  scripts/dtc/checks.o
  HOSTCC  scripts/dtc/util.o
  LEX     scripts/dtc/dtc-lexer.lex.c
  YACC    scripts/dtc/dtc-parser.tab.[ch]
  HOSTCC  scripts/dtc/dtc-lexer.lex.o
  HOSTCC  scripts/dtc/dtc-parser.tab.o
  HOSTLD  scripts/dtc/dtc
  HOSTCC  scripts/kallsyms
  HOSTCC  scripts/sorttable
  HOSTCC  scripts/asn1_compiler
  HOSTCC  scripts/extract-cert
  CC      scripts/mod/empty.o
  HOSTCC  scripts/mod/mk_elfconfig
  CC      scripts/mod/devicetable-offsets.s
  MKELF   scripts/mod/elfconfig.h
  HOSTCC  scripts/mod/modpost.o
  UPD     scripts/mod/devicetable-offsets.h
  HOSTCC  scripts/mod/sumversion.o
  HOSTCC  scripts/mod/file2alias.o
  HOSTLD  scripts/mod/modpost
  CC      kernel/bounds.s
  UPD     include/generated/timeconst.h
  CALL    scripts/atomic/check-atomics.sh
  UPD     include/generated/bounds.h
  CC      arch/arm64/kernel/asm-offsets.s
  UPD     include/generated/asm-offsets.h
  CALL    scripts/checksyscalls.sh
  LDS     arch/arm64/kernel/vdso/vdso.lds
  CC      arch/arm64/kernel/vdso/vgettimeofday.o
  AS      arch/arm64/kernel/vdso/note.o
  AS      arch/arm64/kernel/vdso/sigreturn.o
  LD      arch/arm64/kernel/vdso/vdso.so.dbg
  VDSOSYM include/generated/vdso-offsets.h
  CC      init/main.o
  HOSTCC  usr/gen_init_cpio
  GEN     usr/initramfs_data.cpio
  CHK     include/generated/compile.h
  UPD     include/generated/compile.h
  CC      init/do_mounts.o
  GZIP    usr/initramfs_inc_data
  CC      init/do_mounts_initrd.o
  AS      usr/initramfs_data.o
  AR      usr/built-in.a
  OBJCOPY arch/arm64/kernel/vdso/vdso.so
  AS      arch/arm64/kernel/vdso/vdso.o
  AR      arch/arm64/kernel/vdso/built-in.a
  AR      arch/arm64/kernel/probes/built-in.a
  AS      arch/arm64/kernel/head.o
  LDS     arch/arm64/kernel/vmlinux.lds
  CC      arch/arm64/kernel/debug-monitors.o
  CC      init/initramfs.o
  AS      arch/arm64/kernel/entry.o
  CC      arch/arm64/kernel/irq.o
  CC      init/calibrate.o
  CC      init/init_task.o
  CC      arch/arm64/kernel/fpsimd.o
  CC      init/version.o
  AR      init/built-in.a
  CC      kernel/sched/core.o
  CC      arch/arm64/kernel/entry-common.o
  AS      arch/arm64/kernel/entry-fpsimd.o
  CC      arch/arm64/kernel/process.o
  CC      arch/arm64/kernel/ptrace.o
  CC      arch/arm64/kernel/setup.o
  CC      arch/arm64/kernel/signal.o
  CC      kernel/sched/loadavg.o
  CC      kernel/sched/clock.o
  CC      arch/arm64/kernel/sys.o
  CC      kernel/sched/cputime.o
  CC      arch/arm64/kernel/stacktrace.o
  CC      arch/arm64/kernel/time.o
  CC      kernel/sched/idle.o
  CC      arch/arm64/kernel/traps.o
  CC      arch/arm64/kernel/io.o
  CC      kernel/sched/fair.o
  CC      arch/arm64/kernel/vdso.o
  AS      arch/arm64/kernel/hyp-stub.o
  CC      arch/arm64/kernel/psci.o
  CC      arch/arm64/kernel/cpu_ops.o
  CC      arch/arm64/kernel/insn.o
  CC      arch/arm64/kernel/return_address.o
  CC      arch/arm64/kernel/cpuinfo.o
  CC      arch/arm64/kernel/cpu_errata.o
  CC      arch/arm64/kernel/cpufeature.o
  CC      kernel/sched/rt.o
  CC      arch/arm64/kernel/alternative.o
  CC      arch/arm64/kernel/cacheinfo.o
  CC      arch/arm64/kernel/smp.o
  CC      kernel/sched/deadline.o
  CC      arch/arm64/kernel/smp_spin_table.o
  CC      arch/arm64/kernel/topology.o
  CC      kernel/sched/wait.o
  AS      arch/arm64/kernel/smccc-call.o
  CC      arch/arm64/kernel/syscall.o
  CC      arch/arm64/kernel/proton-pack.o
  CC      kernel/sched/wait_bit.o
  CC      arch/arm64/kernel/sys32.o
  CC      kernel/sched/swait.o
  CC      arch/arm64/kernel/signal32.o
  CC      kernel/sched/completion.o
  CC      arch/arm64/kernel/sys_compat.o
  CC      kernel/sched/cpupri.o
  AS      arch/arm64/kernel/sigreturn32.o
  AS      arch/arm64/kernel/kuser32.o
  CC      arch/arm64/kernel/module.o
  CC      arch/arm64/kernel/module-plts.o
  CC      kernel/sched/cpudeadline.o
  CC      arch/arm64/kernel/perf_regs.o
  CC      kernel/sched/topology.o
  CC      arch/arm64/kernel/perf_callchain.o
  CC      arch/arm64/kernel/perf_event.o
  CC      kernel/sched/stop_task.o
  CC      arch/arm64/kernel/hw_breakpoint.o
  CC      kernel/sched/pelt.o
  AS      arch/arm64/kernel/sleep.o
  CC      arch/arm64/kernel/suspend.o
  CC      arch/arm64/kernel/cpuidle.o
  CC      arch/arm64/kernel/jump_label.o
  CC      kernel/sched/autogroup.o
  CC      arch/arm64/kernel/efi.o
  AS      arch/arm64/kernel/efi-entry.o
  AS      arch/arm64/kernel/efi-rt-wrapper.o
  CC      arch/arm64/kernel/pci.o
  CC      kernel/sched/cpuacct.o
  CC      arch/arm64/kernel/acpi.o
  CC      kernel/sched/cpufreq.o
  CC      arch/arm64/kernel/acpi_numa.o
  CC      arch/arm64/kernel/paravirt.o
  CC      kernel/sched/cpufreq_schedutil.o
  CC      arch/arm64/kernel/kaslr.o
  CC      arch/arm64/kernel/hibernate.o
  CC      kernel/sched/membarrier.o
  AS      arch/arm64/kernel/hibernate-asm.o
  CC      arch/arm64/kernel/machine_kexec.o
  CC      kernel/sched/isolation.o
  AS      arch/arm64/kernel/relocate_kernel.o
  AS      arch/arm64/kernel/cpu-reset.o
  CC      arch/arm64/kernel/machine_kexec_file.o
  CC      arch/arm64/kernel/kexec_image.o
  AR      kernel/sched/built-in.a
  CC      kernel/locking/mutex.o
  CC      arch/arm64/kernel/crash_dump.o
  CC      arch/arm64/kernel/crash_core.o
  CC      kernel/locking/semaphore.o
  CC      arch/arm64/kernel/sdei.o
  CC      kernel/locking/rwsem.o
  CC      arch/arm64/kernel/pointer_auth.o
  CC      arch/arm64/kernel/mte.o
  CC      kernel/locking/percpu-rwsem.o
  CC      kernel/locking/spinlock.o
  OBJCOPY arch/arm64/kernel/efi-entry.stub.o
  AR      arch/arm64/kernel/built-in.a
  CC      arch/arm64/mm/dma-mapping.o
  CC      kernel/locking/osq_lock.o
  CC      arch/arm64/mm/extable.o
  CC      kernel/locking/qspinlock.o
  CC      arch/arm64/mm/fault.o
  CC      kernel/locking/rtmutex.o
  CC      arch/arm64/mm/init.o
  CC      kernel/locking/qrwlock.o
  AR      kernel/locking/built-in.a
  CC      kernel/power/qos.o
  AS      arch/arm64/mm/cache.o
  CC      arch/arm64/mm/copypage.o
  CC      kernel/power/main.o
  CC      arch/arm64/mm/flush.o
  CC      arch/arm64/mm/ioremap.o
  CC      kernel/power/console.o
  CC      arch/arm64/mm/mmap.o
  CC      kernel/power/process.o
  CC      arch/arm64/mm/pgd.o
  CC      arch/arm64/mm/mmu.o
  CC      kernel/power/suspend.o
  CC      arch/arm64/mm/context.o
  CC      kernel/power/hibernate.o
  AS      arch/arm64/mm/proc.o
  CC      arch/arm64/mm/pageattr.o
  CC      kernel/power/snapshot.o
  CC      arch/arm64/mm/hugetlbpage.o
  CC      arch/arm64/mm/numa.o
  CC      kernel/power/swap.o
  CC      arch/arm64/mm/mteswap.o
  AR      arch/arm64/mm/built-in.a
  CC      arch/arm64/net/bpf_jit_comp.o
  CC      kernel/power/user.o
  CC      kernel/power/poweroff.o
  CC      kernel/power/energy_model.o
  AR      arch/arm64/net/built-in.a
  CC      arch/arm64/xen/../../arm/xen/enlighten.o
  AR      kernel/power/built-in.a
  CC      kernel/printk/printk.o
  CC      arch/arm64/xen/../../arm/xen/grant-table.o
  CC      arch/arm64/xen/../../arm/xen/p2m.o
  CC      arch/arm64/xen/../../arm/xen/mm.o
  CC      kernel/printk/printk_safe.o
  AS      arch/arm64/xen/hypercall.o
  AR      arch/arm64/xen/built-in.a
  CC      arch/arm64/crypto/sha1-ce-glue.o
  AS      arch/arm64/crypto/sha1-ce-core.o
  CC      arch/arm64/crypto/sha2-ce-glue.o
  CC      kernel/printk/printk_ringbuffer.o
  AS      arch/arm64/crypto/sha2-ce-core.o
  CC      arch/arm64/crypto/ghash-ce-glue.o
  AR      kernel/printk/built-in.a
  CC      kernel/irq/irqdesc.o
  AS      arch/arm64/crypto/ghash-ce-core.o
  AS      arch/arm64/crypto/aes-ce-core.o
  CC      arch/arm64/crypto/aes-ce-glue.o
  CC      kernel/irq/handle.o
  CC      arch/arm64/crypto/aes-ce-ccm-glue.o
  CC      kernel/irq/manage.o
  AS      arch/arm64/crypto/aes-ce-ccm-core.o
  CC      arch/arm64/crypto/aes-glue-ce.o
  CC      kernel/irq/spurious.o
  AS      arch/arm64/crypto/aes-ce.o
  CC      arch/arm64/crypto/sha256-glue.o
  CC      kernel/irq/resend.o
  SHIPPED arch/arm64/crypto/sha256-core.S
  AS      arch/arm64/crypto/aes-cipher-core.o
  CC      arch/arm64/crypto/aes-cipher-glue.o
  CC      kernel/irq/chip.o
  AS      arch/arm64/crypto/sha256-core.o
  AR      arch/arm64/crypto/built-in.a
  AR      arch/arm64/built-in.a
  CC      certs/system_keyring.o
  EXTRACT_CERTS   
  CC      certs/common.o
  AS      certs/system_certificates.o
  AR      certs/built-in.a
  CC      kernel/irq/dummychip.o
  CC      mm/filemap.o
  CC      kernel/irq/devres.o
  CC      kernel/irq/autoprobe.o
  CC      kernel/irq/irqdomain.o
  CC      kernel/irq/proc.o
  CC      kernel/irq/cpuhotplug.o
  CC      mm/mempool.o
  CC      kernel/irq/pm.o
  CC      mm/oom_kill.o
  CC      kernel/irq/msi.o
  CC      kernel/irq/ipi.o
  CC      kernel/irq/affinity.o
  CC      mm/fadvise.o
  AR      kernel/irq/built-in.a
  CC      kernel/rcu/update.o
  CC      mm/maccess.o
  CC      mm/page-writeback.o
  CC      kernel/rcu/sync.o
  CC      kernel/rcu/srcutree.o
  CC      kernel/rcu/tree.o
  CC      mm/readahead.o
  CC      mm/swap.o
  CC      mm/truncate.o
  CC      mm/vmscan.o
  CC      kernel/rcu/rcu_segcblist.o
  AR      kernel/rcu/built-in.a
  AR      kernel/livepatch/built-in.a
  CC      kernel/dma/mapping.o
  CC      kernel/dma/direct.o
  CC      kernel/dma/ops_helpers.o
  CC      kernel/dma/dummy.o
  CC      kernel/dma/contiguous.o
  CC      kernel/dma/coherent.o
  CC      mm/shmem.o
  CC      kernel/dma/swiotlb.o
  CC      kernel/dma/pool.o
  CC      kernel/dma/remap.o
  AR      kernel/dma/built-in.a
  AR      kernel/entry/built-in.a
  CC      kernel/time/time.o
  CC      mm/util.o
  CC      kernel/time/timer.o
  CC      mm/mmzone.o
  CC      mm/vmstat.o
  CC      kernel/time/hrtimer.o
  CC      mm/backing-dev.o
  CC      kernel/time/timekeeping.o
  CC      mm/mm_init.o
  CC      kernel/time/ntp.o
  CC      mm/percpu.o
  CC      kernel/time/clocksource.o
  CC      kernel/time/jiffies.o
  CC      kernel/time/timer_list.o
  CC      kernel/time/timeconv.o
  CC      mm/slab_common.o
  CC      kernel/time/timecounter.o
  CC      kernel/time/alarmtimer.o
  CC      kernel/time/posix-timers.o
  CC      mm/compaction.o
  CC      kernel/time/posix-cpu-timers.o
  CC      kernel/time/posix-clock.o
  CC      kernel/time/itimer.o
  CC      mm/vmacache.o
  CC      mm/interval_tree.o
  CC      kernel/time/clockevents.o
  CC      mm/list_lru.o
  CC      kernel/time/tick-common.o
  CC      mm/workingset.o
  CC      kernel/time/tick-broadcast.o
  CC      mm/debug.o
  CC      kernel/time/tick-broadcast-hrtimer.o
  CC      kernel/time/sched_clock.o
  CC      mm/gup.o
  CC      kernel/time/tick-oneshot.o
  CC      kernel/time/tick-sched.o
  CC      kernel/time/vsyscall.o
  CC      mm/highmem.o
  CC      kernel/time/timekeeping_debug.o
  CC      mm/memory.o
  CC      kernel/time/namespace.o
  AR      kernel/time/built-in.a
  CC      kernel/futex/core.o
  AR      kernel/futex/built-in.a
  CC      kernel/cgroup/cgroup.o
  CC      mm/mincore.o
  CC      mm/mlock.o
  CC      mm/mmap.o
  CC      kernel/cgroup/rstat.o
  CC      mm/mmu_gather.o
  CC      kernel/cgroup/namespace.o
  CC      mm/mprotect.o
  CC      kernel/cgroup/cgroup-v1.o
  CC      mm/mremap.o
  CC      kernel/cgroup/freezer.o
  CC      kernel/cgroup/pids.o
  CC      mm/msync.o
  CC      kernel/cgroup/cpuset.o
  CC      mm/page_vma_mapped.o
  CC      mm/pagewalk.o
  CC      mm/pgtable-generic.o
  AR      kernel/cgroup/built-in.a
  CC      kernel/trace/trace_clock.o
  CC      mm/rmap.o
  CC      kernel/trace/power-traces.o
  CC      kernel/trace/rpm-traces.o
  CC      mm/vmalloc.o
  AR      kernel/trace/built-in.a
  CC      kernel/bpf/core.o
  CC      mm/ioremap.o
  CC      mm/process_vm_access.o
  CC      kernel/bpf/trampoline.o
  CC      mm/page_alloc.o
  CC      kernel/bpf/dispatcher.o
  AR      kernel/bpf/built-in.a
  CC      kernel/events/core.o
  CC      mm/init-mm.o
  CC      mm/memblock.o
  CC      mm/madvise.o
  CC      mm/page_io.o
  CC      kernel/events/ring_buffer.o
  CC      mm/swap_state.o
  CC      kernel/events/callchain.o
  CC      mm/swapfile.o
  CC      kernel/events/hw_breakpoint.o
  AR      kernel/events/built-in.a
  CC      kernel/fork.o
  CC      mm/swap_slots.o
  CC      mm/dmapool.o
  CC      kernel/exec_domain.o
  CC      kernel/panic.o
  CC      mm/hugetlb.o
  CC      kernel/cpu.o
  CC      kernel/exit.o
  CC      mm/mempolicy.o
  CC      kernel/softirq.o
  CC      kernel/resource.o
  CC      mm/sparse.o
  CC      kernel/sysctl.o
  CC      mm/sparse-vmemmap.o
  CC      mm/mmu_notifier.o
  CC      mm/ksm.o
  CC      kernel/capability.o
  CC      kernel/ptrace.o
  CC      kernel/user.o
  CC      mm/slub.o
  CC      kernel/signal.o
  CC      kernel/sys.o
  CC      mm/memtest.o
  CC      mm/migrate.o
  CC      kernel/umh.o
  CC      kernel/workqueue.o
  CC      mm/huge_memory.o
  CC      kernel/pid.o
  CC      mm/khugepaged.o
  CC      kernel/task_work.o
  CC      kernel/extable.o
  CC      kernel/params.o
  CC      mm/page_counter.o
  CC      kernel/kthread.o
  CC      mm/memcontrol.o
  CC      kernel/sys_ni.o
  CC      kernel/nsproxy.o
  CC      kernel/notifier.o
  CC      kernel/ksysfs.o
  CC      kernel/cred.o
  CC      kernel/reboot.o
  CC      mm/vmpressure.o
  CC      kernel/async.o
  CC      kernel/range.o
  CC      mm/swap_cgroup.o
  CC      kernel/smpboot.o
  CC      mm/hugetlb_cgroup.o
  CC      kernel/ucount.o
  CC      kernel/regset.o
  CC      kernel/kmod.o
  CC      mm/memory-failure.o
  CC      kernel/groups.o
  CC      kernel/kcmp.o
  CC      mm/page_isolation.o
  CC      kernel/freezer.o
  CC      mm/early_ioremap.o
  CC      kernel/profile.o
  CC      mm/cma.o
  CC      kernel/smp.o
  CC      mm/balloon_compaction.o
  CC      kernel/uid16.o
  CC      mm/frame_vector.o
  CC      mm/memfd.o
  CC      kernel/module.o
  CC      mm/page_reporting.o
  AR      mm/built-in.a
  CC      fs/notify/dnotify/dnotify.o
  AR      fs/notify/dnotify/built-in.a
  CC      fs/notify/inotify/inotify_fsnotify.o
  CC      fs/notify/inotify/inotify_user.o
  CC      kernel/kallsyms.o
  AR      fs/notify/inotify/built-in.a
  CC      fs/notify/fanotify/fanotify.o
  CC      kernel/acct.o
  CC      fs/notify/fanotify/fanotify_user.o
  CC      kernel/crash_core.o
  CC      kernel/kexec_core.o
  AR      fs/notify/fanotify/built-in.a
  CC      fs/notify/fsnotify.o
  CC      kernel/kexec.o
  CC      fs/notify/notification.o
  CC      kernel/kexec_file.o
  CC      fs/notify/group.o
  CC      fs/notify/mark.o
  CC      kernel/compat.o
  CC      kernel/utsname.o
  CC      fs/notify/fdinfo.o
  CC      kernel/user_namespace.o
  AR      fs/notify/built-in.a
  CC      fs/nfs_common/grace.o
  CC      fs/nfs_common/nfs_ssc.o
  CC      kernel/pid_namespace.o
  AR      fs/nfs_common/built-in.a
  CC      fs/iomap/trace.o
  UPD     kernel/config_data
  CC      kernel/stop_machine.o
  CC      kernel/audit.o
  CC      fs/iomap/apply.o
  CC      fs/iomap/buffered-io.o
  CC      kernel/auditfilter.o
  CC      fs/iomap/direct-io.o
  CC      kernel/auditsc.o
  CC      fs/iomap/fiemap.o
  CC      fs/iomap/seek.o
  CC      fs/iomap/swapfile.o
  CC      kernel/audit_watch.o
  AR      fs/iomap/built-in.a
  CC      fs/quota/dquot.o
  CC      kernel/audit_fsnotify.o
  CC      kernel/audit_tree.o
  CC      fs/quota/quota.o
  CC      kernel/seccomp.o
  CC      fs/quota/kqid.o
  AR      fs/quota/built-in.a
  CC      fs/proc/task_mmu.o
  CC      kernel/utsname_sysctl.o
  CC      kernel/tracepoint.o
  CC      kernel/irq_work.o
  CC      fs/proc/inode.o
  CC      kernel/cpu_pm.o
  CC      kernel/crash_dump.o
  CC      fs/proc/root.o
  CC      kernel/jump_label.o
  CC      fs/proc/base.o
  CC      kernel/iomem.o
  CC      kernel/rseq.o
  GZIP    kernel/config_data.gz
  CC      kernel/configs.o
  AR      kernel/built-in.a
  CC      ipc/compat.o
  CC      fs/proc/generic.o
  CC      ipc/util.o
  CC      fs/proc/array.o
  CC      ipc/msgutil.o
  CC      ipc/msg.o
  CC      fs/proc/fd.o
  CC      fs/proc/proc_tty.o
  CC      fs/proc/cmdline.o
  CC      ipc/sem.o
  CC      fs/proc/consoles.o
  CC      fs/proc/cpuinfo.o
  CC      fs/proc/devices.o
  CC      fs/proc/interrupts.o
  CC      fs/proc/loadavg.o
  CC      ipc/shm.o
  CC      fs/proc/meminfo.o
  CC      fs/proc/stat.o
  CC      ipc/syscall.o
  CC      fs/proc/uptime.o
  CC      fs/proc/util.o
  CC      ipc/ipc_sysctl.o
  CC      fs/proc/version.o
  CC      ipc/mqueue.o
  CC      fs/proc/softirqs.o
  CC      fs/proc/namespaces.o
  CC      fs/proc/self.o
  CC      fs/proc/thread_self.o
  CC      ipc/namespace.o
  CC      fs/proc/proc_sysctl.o
  CC      ipc/mq_sysctl.o
  AR      ipc/built-in.a
  CC      fs/kernfs/mount.o
  CC      fs/kernfs/inode.o
  CC      fs/proc/proc_net.o
  CC      fs/kernfs/dir.o
  CC      fs/proc/vmcore.o
  CC      fs/kernfs/file.o
  CC      fs/proc/kmsg.o
  CC      fs/proc/page.o
  CC      fs/kernfs/symlink.o
  AR      fs/proc/built-in.a
  CC      fs/sysfs/file.o
  AR      fs/kernfs/built-in.a
  CC      security/keys/gc.o
  CC      fs/sysfs/dir.o
  CC      security/keys/key.o
  CC      fs/sysfs/symlink.o
  CC      fs/sysfs/mount.o
  CC      security/keys/keyring.o
  CC      fs/sysfs/group.o
  AR      fs/sysfs/built-in.a
  CC      fs/configfs/inode.o
  CC      security/keys/keyctl.o
  CC      fs/configfs/file.o
  CC      fs/configfs/dir.o
  CC      security/keys/permission.o
  CC      security/keys/process_keys.o
  CC      fs/configfs/symlink.o
  CC      security/keys/request_key.o
  CC      fs/configfs/mount.o
  CC      security/keys/request_key_auth.o
  CC      fs/configfs/item.o
  AR      fs/configfs/built-in.a
  CC      security/keys/user_defined.o
  CC      fs/devpts/inode.o
  CC      security/keys/compat.o
  AR      fs/devpts/built-in.a
  CC      fs/ext4/balloc.o
  CC      security/keys/proc.o
  CC      security/keys/sysctl.o
  CC      security/keys/keyctl_pkey.o
  CC      fs/ext4/bitmap.o
  AR      security/keys/built-in.a
  CC      security/integrity/iint.o
  CC      fs/ext4/block_validity.o
  CC      security/integrity/integrity_audit.o
  AR      security/integrity/built-in.a
  CC      security/commoncap.o
  CC      fs/ext4/dir.o
  CC      fs/ext4/ext4_jbd2.o
  CC      security/min_addr.o
  CC      security/security.o
  CC      fs/ext4/extents.o
  CC      security/inode.o
  CC      security/lsm_audit.o
  CC      security/device_cgroup.o
  CC      fs/ext4/extents_status.o
  AR      security/built-in.a
  CC      fs/ext2/balloc.o
  CC      fs/ext2/dir.o
  CC      fs/ext4/file.o
  CC      fs/ext2/file.o
  CC      fs/ext2/ialloc.o
  CC      fs/ext4/fsmap.o
  CC      fs/ext2/inode.o
  CC      fs/ext4/fsync.o
  CC      fs/ext2/ioctl.o
  CC      fs/ext4/hash.o
  CC      fs/ext2/namei.o
  CC      fs/ext4/ialloc.o
  CC      fs/ext2/super.o
  CC      fs/ext2/symlink.o
  CC      fs/ext4/indirect.o
  AR      fs/ext2/built-in.a
  CC      fs/jbd2/transaction.o
  CC      fs/ext4/inline.o
  CC      fs/jbd2/commit.o
  CC      fs/jbd2/recovery.o
  CC      fs/ext4/inode.o
  CC      fs/jbd2/checkpoint.o
  CC      fs/jbd2/revoke.o
  CC      fs/jbd2/journal.o
  CC      fs/ext4/ioctl.o
  AR      fs/jbd2/built-in.a
  CC      crypto/asymmetric_keys/asymmetric_type.o
  CC      crypto/asymmetric_keys/restrict.o
  CC      crypto/asymmetric_keys/signature.o
  CC      fs/ext4/mballoc.o
  CC      crypto/asymmetric_keys/public_key.o
  ASN.1   crypto/asymmetric_keys/x509.asn1.[ch]
  ASN.1   crypto/asymmetric_keys/x509_akid.asn1.[ch]
  CC      crypto/asymmetric_keys/x509_public_key.o
  ASN.1   crypto/asymmetric_keys/pkcs7.asn1.[ch]
  CC      crypto/asymmetric_keys/pkcs7_trust.o
  CC      crypto/asymmetric_keys/pkcs7_verify.o
  CC      crypto/asymmetric_keys/x509.asn1.o
  CC      crypto/asymmetric_keys/x509_akid.asn1.o
  CC      crypto/asymmetric_keys/x509_cert_parser.o
  CC      crypto/asymmetric_keys/pkcs7.asn1.o
  CC      crypto/asymmetric_keys/pkcs7_parser.o
  AR      crypto/asymmetric_keys/built-in.a
  CC      crypto/api.o
  CC      crypto/cipher.o
  CC      crypto/compress.o
  CC      fs/ext4/migrate.o
  CC      crypto/algapi.o
  CC      fs/ext4/mmp.o
  CC      crypto/scatterwalk.o
  CC      fs/ext4/move_extent.o
  CC      crypto/proc.o
  CC      crypto/aead.o
  CC      fs/ext4/namei.o
  CC      crypto/geniv.o
  CC      crypto/skcipher.o
  CC      crypto/echainiv.o
  CC      crypto/ahash.o
  CC      fs/ext4/page-io.o
  CC      crypto/shash.o
  CC      fs/ext4/readpage.o
  CC      crypto/akcipher.o
  CC      fs/ext4/resize.o
  CC      crypto/kpp.o
  ASN.1   crypto/rsapubkey.asn1.[ch]
  ASN.1   crypto/rsaprivkey.asn1.[ch]
  CC      crypto/rsa.o
  CC      crypto/rsa_helper.o
  CC      crypto/rsa-pkcs1pad.o
  CC      fs/ext4/super.o
  CC      crypto/acompress.o
  CC      crypto/scompress.o
  CC      crypto/algboss.o
  CC      crypto/testmgr.o
  CC      crypto/hmac.o
  CC      crypto/crypto_null.o
  CC      crypto/sha1_generic.o
  CC      crypto/sha256_generic.o
  CC      crypto/gf128mul.o
  CC      crypto/cryptd.o
  CC      crypto/aes_generic.o
  CC      crypto/deflate.o
  CC      crypto/crc32c_generic.o
  CC      crypto/crct10dif_common.o
  CC      crypto/crct10dif_generic.o
  CC      crypto/rng.o
  CC      crypto/ansi_cprng.o
  CC      fs/ext4/symlink.o
  CC      crypto/drbg.o
  CC      fs/ext4/sysfs.o
  CC      crypto/jitterentropy.o
  CC      crypto/jitterentropy-kcapi.o
  CC      fs/ext4/xattr.o
  CC      crypto/hash_info.o
  CC      crypto/simd.o
  CC      crypto/rsapubkey.asn1.o
  CC      crypto/rsaprivkey.asn1.o
  AR      crypto/built-in.a
  CC      fs/squashfs/block.o
  CC      fs/squashfs/cache.o
  CC      fs/squashfs/dir.o
  CC      fs/ext4/xattr_hurd.o
  CC      fs/squashfs/export.o
  CC      fs/ext4/xattr_trusted.o
  CC      fs/squashfs/file.o
  CC      fs/ext4/xattr_user.o
  CC      fs/squashfs/fragment.o
  CC      fs/ext4/fast_commit.o
  CC      fs/squashfs/id.o
  CC      fs/squashfs/inode.o
  CC      fs/squashfs/namei.o
  CC      fs/squashfs/super.o
  CC      fs/ext4/acl.o
  CC      fs/squashfs/symlink.o
  CC      fs/squashfs/decompressor.o
  AR      fs/ext4/built-in.a
  CC      block/partitions/core.o
  CC      fs/squashfs/file_cache.o
  CC      fs/squashfs/decompressor_single.o
  CC      block/partitions/msdos.o
  CC      fs/squashfs/zlib_wrapper.o
  CC      block/partitions/efi.o
  AR      fs/squashfs/built-in.a
  CC      fs/ramfs/inode.o
  CC      fs/ramfs/file-mmu.o
  AR      block/partitions/built-in.a
  CC      block/bio.o
  AR      fs/ramfs/built-in.a
  CC      fs/hugetlbfs/inode.o
  CC      block/elevator.o
  AR      fs/hugetlbfs/built-in.a
  CC      fs/fat/cache.o
  CC      fs/fat/dir.o
  CC      block/blk-core.o
  CC      fs/fat/fatent.o
  CC      fs/fat/file.o
  CC      block/blk-sysfs.o
  CC      fs/fat/inode.o
  CC      block/blk-flush.o
  CC      block/blk-settings.o
  CC      fs/fat/misc.o
  CC      block/blk-ioc.o
  CC      fs/fat/nfs.o
  CC      block/blk-map.o
  CC      fs/fat/namei_vfat.o
  CC      block/blk-exec.o
  AR      fs/fat/built-in.a
  CC      block/blk-merge.o
  CC      fs/nfs/filelayout/filelayout.o
  CC      block/blk-timeout.o
  CC      fs/nfs/filelayout/filelayoutdev.o
  CC      block/blk-lib.o
  AR      fs/nfs/filelayout/built-in.a
  CC      fs/nfs/flexfilelayout/flexfilelayout.o
  CC      block/blk-mq.o
  CC      fs/nfs/flexfilelayout/flexfilelayoutdev.o
  CC      block/blk-mq-tag.o
  AR      fs/nfs/flexfilelayout/built-in.a
  CC      fs/nfs/client.o
  CC      block/blk-stat.o
  CC      block/blk-mq-sysfs.o
  CC      block/blk-mq-cpumap.o
  CC      fs/nfs/dir.o
  CC      block/blk-mq-sched.o
  CC      block/ioctl.o
  CC      block/genhd.o
  CC      fs/nfs/file.o
  CC      block/ioprio.o
  CC      fs/nfs/getroot.o
  CC      block/badblocks.o
  CC      fs/nfs/inode.o
  CC      block/blk-rq-qos.o
  CC      block/bounce.o
  CC      block/scsi_ioctl.o
  CC      fs/nfs/super.o
  CC      block/bsg.o
  CC      block/bsg-lib.o
  CC      fs/nfs/io.o
  CC      block/blk-cgroup.o
  CC      fs/nfs/direct.o
  CC      block/mq-deadline.o
  CC      fs/nfs/pagelist.o
  CC      block/kyber-iosched.o
  CC      fs/nfs/read.o
  CC      block/bio-integrity.o
  CC      block/blk-integrity.o
  CC      fs/nfs/symlink.o
  CC      block/t10-pi.o
  CC      fs/nfs/unlink.o
  CC      block/blk-mq-pci.o
  CC      block/blk-mq-virtio.o
  CC      block/blk-mq-debugfs.o
  CC      fs/nfs/write.o
  CC      block/blk-pm.o
  AR      block/built-in.a
  CC      fs/nfs/namespace.o
  CC      fs/exportfs/expfs.o
  CC      fs/nfs/mount_clnt.o
  AR      fs/exportfs/built-in.a
  CC      io_uring/io_uring.o
  CC      fs/nfs/nfstrace.o
  CC      fs/nfs/export.o
  CC      fs/nfs/sysfs.o
  CC      fs/nfs/fs_context.o
  CC      fs/nfs/nfsroot.o
  CC      io_uring/io-wq.o
  CC      fs/nfs/sysctl.o
  CC      fs/nfs/nfs2super.o
  AR      io_uring/built-in.a
  CC      fs/lockd/clntlock.o
  CC      fs/nfs/proc.o
  CC      fs/lockd/clntproc.o
  CC      fs/nfs/nfs2xdr.o
  CC      fs/lockd/clntxdr.o
  CC      fs/nfs/nfs3super.o
  CC      fs/lockd/host.o
  CC      fs/nfs/nfs3client.o
  CC      fs/nfs/nfs3proc.o
  CC      fs/lockd/svc.o
  CC      fs/lockd/svclock.o
  CC      fs/nfs/nfs3xdr.o
  CC      fs/lockd/svcshare.o
  CC      fs/nfs/nfs4proc.o
  CC      fs/lockd/svcproc.o
  CC      fs/lockd/svcsubs.o
  CC      fs/lockd/mon.o
  CC      fs/lockd/xdr.o
  CC      fs/lockd/clnt4xdr.o
  CC      fs/lockd/xdr4.o
  CC      fs/lockd/svc4proc.o
  CC      fs/nfs/nfs4xdr.o
  CC      fs/lockd/procfs.o
  AR      fs/lockd/built-in.a
  CC      drivers/irqchip/irqchip.o
  CC      drivers/irqchip/irq-gic.o
  CC      drivers/irqchip/irq-gic-common.o
  CC      drivers/irqchip/irq-gic-v2m.o
  CC      drivers/irqchip/irq-gic-v3.o
  CC      fs/nfs/nfs4state.o
  CC      drivers/irqchip/irq-gic-v3-mbi.o
  CC      drivers/irqchip/irq-gic-v3-its.o
  CC      fs/nfs/nfs4renewd.o
  CC      fs/nfs/nfs4super.o
  CC      drivers/irqchip/irq-gic-v3-its-platform-msi.o
  CC      fs/nfs/nfs4file.o
  CC      drivers/irqchip/irq-gic-v4.o
  CC      drivers/irqchip/irq-gic-v3-its-pci-msi.o
  CC      fs/nfs/delegation.o
  CC      drivers/irqchip/irq-partition-percpu.o
  AR      drivers/irqchip/built-in.a
  AR      drivers/bus/mhi/host/built-in.a
  AR      drivers/bus/mhi/built-in.a
  CC      drivers/bus/simple-pm-bus.o
  AR      drivers/bus/built-in.a
  AR      drivers/phy/allwinner/built-in.a
  AR      drivers/phy/amlogic/built-in.a
  AR      drivers/phy/broadcom/built-in.a
  AR      drivers/phy/cadence/built-in.a
  AR      drivers/phy/freescale/built-in.a
  AR      drivers/phy/hisilicon/built-in.a
  AR      drivers/phy/intel/built-in.a
  AR      drivers/phy/lantiq/built-in.a
  AR      drivers/phy/marvell/built-in.a
  AR      drivers/phy/mediatek/built-in.a
  AR      drivers/phy/motorola/built-in.a
  AR      drivers/phy/mscc/built-in.a
  AR      drivers/phy/qualcomm/built-in.a
  AR      drivers/phy/ralink/built-in.a
  AR      drivers/phy/renesas/built-in.a
  AR      drivers/phy/rockchip/built-in.a
  AR      drivers/phy/samsung/built-in.a
  AR      drivers/phy/socionext/built-in.a
  AR      drivers/phy/st/built-in.a
  AR      drivers/phy/tegra/built-in.a
  AR      drivers/phy/ti/built-in.a
  AR      drivers/phy/xilinx/built-in.a
  CC      drivers/phy/phy-core.o
  CC      fs/nfs/nfs4idmap.o
  CC      drivers/phy/phy-core-mipi-dphy.o
  CC      drivers/phy/phy-xgene.o
  CC      fs/nfs/callback.o
  AR      drivers/phy/built-in.a
  AR      drivers/pinctrl/actions/built-in.a
  AR      drivers/pinctrl/bcm/built-in.a
  AR      drivers/pinctrl/freescale/built-in.a
  AR      drivers/pinctrl/mvebu/built-in.a
  AR      drivers/pinctrl/nomadik/built-in.a
  AR      drivers/pinctrl/sprd/built-in.a
  AR      drivers/pinctrl/ti/built-in.a
  AR      drivers/pinctrl/mediatek/built-in.a
  AR      drivers/pinctrl/cirrus/built-in.a
  CC      drivers/pinctrl/nexell/pinctrl-s5pxx18.o
  CC      fs/nfs/callback_xdr.o
  CC      drivers/pinctrl/nexell/pinctrl-nexell.o
  CC      fs/nfs/callback_proc.o
  AR      drivers/pinctrl/nexell/built-in.a
  CC      drivers/pinctrl/core.o
  CC      fs/nfs/nfs4namespace.o
  CC      drivers/pinctrl/pinctrl-utils.o
  CC      drivers/pinctrl/pinmux.o
  CC      fs/nfs/nfs4getroot.o
  CC      drivers/pinctrl/pinconf.o
  CC      drivers/pinctrl/devicetree.o
  CC      fs/nfs/nfs4client.o
  AR      drivers/pinctrl/built-in.a
  CC      drivers/gpio/gpiolib.o
  CC      fs/nfs/nfs4session.o
  CC      fs/nfs/dns_resolve.o
  CC      drivers/gpio/gpiolib-devres.o
  CC      fs/nfs/nfs4trace.o
  CC      drivers/gpio/gpiolib-legacy.o
  CC      drivers/gpio/gpiolib-of.o
  CC      drivers/gpio/gpiolib-cdev.o
  CC      drivers/gpio/gpiolib-acpi.o
  CC      fs/nfs/nfs4sysctl.o
  AR      drivers/gpio/built-in.a
  CC      drivers/pwm/core.o
  CC      fs/nfs/pnfs.o
  CC      drivers/pwm/sysfs.o
  CC      drivers/pwm/pwm-samsung.o
  AR      drivers/pwm/built-in.a
  CC      drivers/pci/pcie/portdrv_core.o
  CC      drivers/pci/pcie/portdrv_pci.o
  CC      drivers/pci/pcie/err.o
  CC      fs/nfs/pnfs_dev.o
  CC      drivers/pci/pcie/rcec.o
  CC      drivers/pci/pcie/aspm.o
  CC      fs/nfs/pnfs_nfs.o
  CC      drivers/pci/pcie/pme.o
  AR      drivers/pci/pcie/built-in.a
  CC      drivers/pci/hotplug/pci_hotplug_core.o
  CC      fs/nfs/nfs42proc.o
  CC      drivers/pci/hotplug/acpi_pcihp.o
  CC      drivers/pci/hotplug/acpiphp_core.o
  CC      drivers/pci/hotplug/acpiphp_glue.o
  CC      fs/nfs/nfs42xattr.o
  AR      drivers/pci/hotplug/built-in.a
  AR      drivers/pci/endpoint/functions/built-in.a
  CC      drivers/pci/endpoint/pci-ep-cfs.o
  AR      fs/nfs/built-in.a
  CC      fs/nls/nls_base.o
  CC      drivers/pci/endpoint/pci-epc-core.o
  CC      fs/nls/nls_cp437.o
  CC      fs/nls/nls_iso8859-1.o
  CC      drivers/pci/endpoint/pci-epf-core.o
  AR      fs/nls/built-in.a
  CC      fs/autofs/init.o
  CC      fs/autofs/inode.o
  CC      drivers/pci/endpoint/pci-epc-mem.o
  CC      fs/autofs/root.o
  AR      drivers/pci/endpoint/built-in.a
  CC      drivers/pci/controller/dwc/pcie-designware.o
  CC      fs/autofs/symlink.o
  CC      drivers/pci/controller/dwc/pcie-designware-host.o
  CC      fs/autofs/waitq.o
  CC      fs/autofs/expire.o
  CC      drivers/pci/controller/dwc/pcie-kirin.o
  CC      fs/autofs/dev-ioctl.o
  CC      drivers/pci/controller/dwc/pcie-al.o
  AR      fs/autofs/built-in.a
  CC      drivers/pci/controller/dwc/pcie-hisi.o
  CC      fs/9p/vfs_super.o
  AR      drivers/pci/controller/dwc/built-in.a
  CC      drivers/pci/controller/mobiveil/pcie-mobiveil.o
  CC      fs/9p/vfs_inode.o
  CC      drivers/pci/controller/mobiveil/pcie-mobiveil-host.o
  CC      fs/9p/vfs_inode_dotl.o
  CC      drivers/pci/controller/mobiveil/pcie-layerscape-gen4.o
  AR      drivers/pci/controller/mobiveil/built-in.a
  CC      drivers/pci/controller/pci-host-common.o
  CC      fs/9p/vfs_addr.o
  CC      drivers/pci/controller/pci-host-generic.o
  CC      drivers/pci/controller/pci-xgene-msi.o
  CC      fs/9p/vfs_file.o
  CC      drivers/pci/controller/pcie-altera.o
  CC      fs/9p/vfs_dir.o
  CC      drivers/pci/controller/pcie-altera-msi.o
  CC      fs/9p/vfs_dentry.o
  CC      drivers/pci/controller/pci-thunder-ecam.o
  CC      fs/9p/v9fs.o
  CC      drivers/pci/controller/pci-thunder-pem.o
  CC      fs/9p/fid.o
  CC      drivers/pci/controller/pci-xgene.o
  CC      fs/9p/xattr.o
  AR      drivers/pci/controller/built-in.a
  AR      drivers/pci/switch/built-in.a
  CC      drivers/pci/access.o
  AR      fs/9p/built-in.a
  CC      fs/debugfs/inode.o
  CC      drivers/pci/bus.o
  CC      fs/debugfs/file.o
  CC      drivers/pci/probe.o
  AR      fs/debugfs/built-in.a
  CC      fs/pstore/inode.o
  CC      fs/pstore/platform.o
  AR      fs/pstore/built-in.a
  CC      drivers/pci/host-bridge.o
  CC      fs/efivarfs/inode.o
  CC      fs/efivarfs/file.o
  CC      drivers/pci/remove.o
  CC      fs/efivarfs/super.o
  CC      drivers/pci/pci.o
  AR      fs/efivarfs/built-in.a
  CC      fs/open.o
  CC      fs/read_write.o
  CC      drivers/pci/pci-driver.o
  CC      fs/file_table.o
  CC      drivers/pci/search.o
  CC      fs/super.o
  CC      drivers/pci/pci-sysfs.o
  CC      fs/char_dev.o
  CC      drivers/pci/rom.o
  CC      drivers/pci/setup-res.o
  CC      fs/stat.o
  CC      drivers/pci/irq.o
  CC      fs/exec.o
  CC      drivers/pci/vpd.o
  CC      drivers/pci/setup-bus.o
  CC      fs/pipe.o
  CC      drivers/pci/vc.o
  CC      fs/namei.o
  CC      drivers/pci/mmap.o
  CC      drivers/pci/setup-irq.o
  CC      drivers/pci/proc.o
  CC      drivers/pci/slot.o
  CC      drivers/pci/pci-acpi.o
  CC      fs/fcntl.o
  CC      drivers/pci/of.o
  CC      fs/ioctl.o
  CC      drivers/pci/quirks.o
  CC      fs/readdir.o
  CC      fs/select.o
  CC      drivers/pci/msi.o
  CC      drivers/pci/ats.o
  CC      fs/dcache.o
  CC      drivers/pci/iov.o
  CC      drivers/pci/pci-label.o
  CC      drivers/pci/syscall.o
  CC      fs/inode.o
  CC      drivers/pci/ecam.o
  AR      drivers/pci/built-in.a
  CC      drivers/video/console/dummycon.o
  AR      drivers/video/console/built-in.a
  CC      drivers/video/logo/logo.o
  HOSTCC  drivers/video/logo/pnmtologo
  CC      fs/attr.o
  LOGO    drivers/video/logo/logo_linux_clut224.c
  CC      drivers/video/logo/logo_linux_clut224.o
  AR      drivers/video/logo/built-in.a
  CC      drivers/video/backlight/backlight.o
  CC      fs/bad_inode.o
  CC      fs/file.o
  CC      drivers/video/backlight/pwm_bl.o
  AR      drivers/video/backlight/built-in.a
  CC      drivers/video/fbdev/core/fb_cmdline.o
  CC      fs/filesystems.o
  CC      drivers/video/fbdev/core/fb_notify.o
  CC      drivers/video/fbdev/core/fbmem.o
  CC      fs/namespace.o
  CC      drivers/video/fbdev/core/fbmon.o
  CC      drivers/video/fbdev/core/fbcmap.o
  CC      fs/seq_file.o
  CC      drivers/video/fbdev/core/fbsysfs.o
  CC      fs/xattr.o
  CC      drivers/video/fbdev/core/modedb.o
  CC      drivers/video/fbdev/core/fbcvt.o
  CC      fs/libfs.o
  CC      drivers/video/fbdev/core/fb_defio.o
  CC      drivers/video/fbdev/core/fbcon.o
  CC      fs/fs-writeback.o
  CC      drivers/video/fbdev/core/bitblit.o
  CC      drivers/video/fbdev/core/softcursor.o
  CC      drivers/video/fbdev/core/cfbfillrect.o
  CC      fs/pnode.o
  CC      drivers/video/fbdev/core/cfbcopyarea.o
  CC      fs/splice.o
  CC      drivers/video/fbdev/core/cfbimgblt.o
  CC      drivers/video/fbdev/core/sysfillrect.o
  CC      fs/sync.o
  CC      drivers/video/fbdev/core/syscopyarea.o
  CC      fs/utimes.o
  CC      drivers/video/fbdev/core/sysimgblt.o
  CC      fs/d_path.o
  CC      drivers/video/fbdev/core/fb_sys_fops.o
  CC      fs/stack.o
  AR      drivers/video/fbdev/core/built-in.a
  AR      drivers/video/fbdev/omap2/omapfb/dss/built-in.a
  AR      drivers/video/fbdev/omap2/omapfb/displays/built-in.a
  AR      drivers/video/fbdev/omap2/omapfb/built-in.a
  AR      drivers/video/fbdev/omap2/built-in.a
  CC      drivers/video/fbdev/xen-fbfront.o
  CC      fs/fs_struct.o
  CC      drivers/video/fbdev/efifb.o
  CC      fs/statfs.o
  AR      drivers/video/fbdev/built-in.a
  CC      drivers/video/hdmi.o
  CC      fs/fs_pin.o
  CC      fs/nsfs.o
  CC      drivers/video/display_timing.o
  CC      drivers/video/videomode.o
  CC      fs/fs_types.o
  CC      drivers/video/of_display_timing.o
  CC      fs/fs_context.o
  CC      drivers/video/of_videomode.o
  AR      drivers/video/built-in.a
  AR      drivers/idle/built-in.a
  CC      drivers/char/ipmi/ipmi_dmi.o
  CC      fs/fs_parser.o
  CC      drivers/char/ipmi/ipmi_plat_data.o
  CC      fs/fsopen.o
  AR      drivers/char/ipmi/built-in.a
  CC      drivers/acpi/acpica/dsargs.o
  CC      drivers/acpi/acpica/dscontrol.o
  CC      fs/init.o
  CC      drivers/acpi/acpica/dsdebug.o
  CC      drivers/acpi/acpica/dsfield.o
  CC      fs/kernel_read_file.o
  CC      drivers/acpi/acpica/dsinit.o
  CC      fs/remap_range.o
  CC      drivers/acpi/acpica/dsmethod.o
  CC      drivers/acpi/acpica/dsmthdat.o
  CC      fs/buffer.o
  CC      drivers/acpi/acpica/dsobject.o
  CC      drivers/acpi/acpica/dsopcode.o
  CC      drivers/acpi/acpica/dspkginit.o
  CC      drivers/acpi/acpica/dsutils.o
  CC      drivers/acpi/acpica/dswexec.o
  CC      drivers/acpi/acpica/dswload.o
  CC      drivers/acpi/acpica/dswload2.o
  CC      drivers/acpi/acpica/dswscope.o
  CC      fs/block_dev.o
  CC      drivers/acpi/acpica/dswstate.o
  CC      drivers/acpi/acpica/evevent.o
  CC      drivers/acpi/acpica/evgpe.o
  CC      drivers/acpi/acpica/evgpeblk.o
  CC      drivers/acpi/acpica/evgpeinit.o
  CC      drivers/acpi/acpica/evgpeutil.o
  CC      fs/direct-io.o
  CC      drivers/acpi/acpica/evglock.o
  CC      drivers/acpi/acpica/evhandler.o
  CC      drivers/acpi/acpica/evmisc.o
  CC      drivers/acpi/acpica/evregion.o
  CC      fs/mpage.o
  CC      drivers/acpi/acpica/evrgnini.o
  CC      drivers/acpi/acpica/evsci.o
  CC      fs/proc_namespace.o
  CC      drivers/acpi/acpica/evxface.o
  CC      drivers/acpi/acpica/evxfevnt.o
  CC      fs/eventpoll.o
  CC      drivers/acpi/acpica/evxfgpe.o
  CC      drivers/acpi/acpica/evxfregn.o
  CC      drivers/acpi/acpica/exconcat.o
  CC      drivers/acpi/acpica/exconfig.o
  CC      drivers/acpi/acpica/exconvrt.o
  CC      fs/anon_inodes.o
  CC      drivers/acpi/acpica/excreate.o
  CC      drivers/acpi/acpica/exdebug.o
  CC      fs/signalfd.o
  CC      drivers/acpi/acpica/exdump.o
  CC      drivers/acpi/acpica/exfield.o
  CC      fs/timerfd.o
  CC      drivers/acpi/acpica/exfldio.o
  CC      drivers/acpi/acpica/exmisc.o
  CC      fs/eventfd.o
  CC      drivers/acpi/acpica/exmutex.o
  CC      drivers/acpi/acpica/exnames.o
  CC      fs/aio.o
  CC      drivers/acpi/acpica/exoparg1.o
  CC      drivers/acpi/acpica/exoparg2.o
  CC      drivers/acpi/acpica/exoparg3.o
  CC      drivers/acpi/acpica/exoparg6.o
  CC      drivers/acpi/acpica/exprep.o
  CC      drivers/acpi/acpica/exregion.o
  CC      fs/locks.o
  CC      drivers/acpi/acpica/exresnte.o
  CC      drivers/acpi/acpica/exresolv.o
  CC      drivers/acpi/acpica/exresop.o
  CC      drivers/acpi/acpica/exserial.o
  CC      drivers/acpi/acpica/exstore.o
  CC      drivers/acpi/acpica/exstoren.o
  CC      drivers/acpi/acpica/exstorob.o
  CC      fs/binfmt_script.o
  CC      drivers/acpi/acpica/exsystem.o
  CC      fs/binfmt_elf.o
  CC      drivers/acpi/acpica/extrace.o
  CC      drivers/acpi/acpica/exutils.o
  CC      drivers/acpi/acpica/hwacpi.o
  CC      drivers/acpi/acpica/hwesleep.o
  CC      drivers/acpi/acpica/hwgpe.o
  CC      fs/compat_binfmt_elf.o
  CC      drivers/acpi/acpica/hwregs.o
  CC      drivers/acpi/acpica/hwsleep.o
  CC      drivers/acpi/acpica/hwvalid.o
  CC      drivers/acpi/acpica/hwxface.o
  CC      drivers/acpi/acpica/hwxfsleep.o
  CC      fs/mbcache.o
  CC      drivers/acpi/acpica/hwpci.o
  CC      drivers/acpi/acpica/nsaccess.o
  CC      fs/posix_acl.o
  CC      drivers/acpi/acpica/nsalloc.o
  CC      drivers/acpi/acpica/nsarguments.o
  CC      drivers/acpi/acpica/nsconvert.o
  CC      fs/coredump.o
  CC      drivers/acpi/acpica/nsdump.o
  CC      drivers/acpi/acpica/nseval.o
  CC      drivers/acpi/acpica/nsinit.o
  CC      drivers/acpi/acpica/nsload.o
  CC      fs/drop_caches.o
  CC      drivers/acpi/acpica/nsnames.o
  CC      fs/fhandle.o
  CC      drivers/acpi/acpica/nsobject.o
  CC      drivers/acpi/acpica/nsparse.o
  CC      fs/dcookies.o
  CC      drivers/acpi/acpica/nspredef.o
  CC      drivers/acpi/acpica/nsprepkg.o
  AR      fs/built-in.a
  CC      sound/core/sound.o
  CC      drivers/acpi/acpica/nsrepair.o
  CC      sound/core/init.o
  CC      drivers/acpi/acpica/nsrepair2.o
  CC      drivers/acpi/acpica/nssearch.o
  CC      drivers/acpi/acpica/nsutils.o
  CC      sound/core/memory.o
  CC      sound/core/control.o
  CC      drivers/acpi/acpica/nswalk.o
  CC      drivers/acpi/acpica/nsxfeval.o
  CC      drivers/acpi/acpica/nsxfname.o
  CC      drivers/acpi/acpica/nsxfobj.o
  CC      drivers/acpi/acpica/psargs.o
  CC      sound/core/misc.o
  CC      drivers/acpi/acpica/psloop.o
  CC      sound/core/device.o
  CC      drivers/acpi/acpica/psobject.o
  CC      sound/core/info.o
  CC      drivers/acpi/acpica/psopcode.o
  CC      drivers/acpi/acpica/psopinfo.o
  CC      drivers/acpi/acpica/psparse.o
  CC      sound/core/ctljack.o
  CC      drivers/acpi/acpica/psscope.o
  CC      sound/core/jack.o
  CC      drivers/acpi/acpica/pstree.o
  CC      drivers/acpi/acpica/psutils.o
  CC      sound/core/timer.o
  CC      drivers/acpi/acpica/pswalk.o
  CC      drivers/acpi/acpica/psxface.o
  CC      drivers/acpi/acpica/rsaddr.o
  CC      drivers/acpi/acpica/rscalc.o
  CC      drivers/acpi/acpica/rscreate.o
  CC      sound/core/pcm.o
  CC      drivers/acpi/acpica/rsdumpinfo.o
  CC      drivers/acpi/acpica/rsinfo.o
  CC      drivers/acpi/acpica/rsio.o
  CC      sound/core/pcm_native.o
  CC      drivers/acpi/acpica/rsirq.o
  CC      drivers/acpi/acpica/rslist.o
  CC      drivers/acpi/acpica/rsmemory.o
  CC      drivers/acpi/acpica/rsmisc.o
  CC      drivers/acpi/acpica/rsserial.o
  CC      drivers/acpi/acpica/rsutils.o
  CC      drivers/acpi/acpica/rsxface.o
  CC      drivers/acpi/acpica/tbdata.o
  CC      drivers/acpi/acpica/tbfadt.o
  CC      sound/core/pcm_lib.o
  CC      drivers/acpi/acpica/tbfind.o
  CC      drivers/acpi/acpica/tbinstal.o
  CC      drivers/acpi/acpica/tbprint.o
  CC      drivers/acpi/acpica/tbutils.o
  CC      drivers/acpi/acpica/tbxface.o
  CC      sound/core/pcm_misc.o
  CC      drivers/acpi/acpica/tbxfload.o
  CC      sound/core/pcm_memory.o
  CC      drivers/acpi/acpica/tbxfroot.o
  CC      drivers/acpi/acpica/utaddress.o
  CC      sound/core/memalloc.o
  CC      drivers/acpi/acpica/utalloc.o
  CC      sound/core/pcm_timer.o
  CC      drivers/acpi/acpica/utascii.o
  CC      drivers/acpi/acpica/utbuffer.o
  CC      sound/core/pcm_drm_eld.o
  CC      drivers/acpi/acpica/utcopy.o
  CC      sound/core/pcm_iec958.o
  CC      drivers/acpi/acpica/utexcep.o
  CC      sound/core/pcm_dmaengine.o
  CC      drivers/acpi/acpica/utdebug.o
  CC      drivers/acpi/acpica/utdecode.o
  CC      drivers/acpi/acpica/utdelete.o
  AR      sound/core/built-in.a
  AR      sound/i2c/other/built-in.a
  AR      sound/i2c/built-in.a
  AR      sound/drivers/opl3/built-in.a
  AR      sound/drivers/opl4/built-in.a
  AR      sound/drivers/mpu401/built-in.a
  AR      sound/drivers/vx/built-in.a
  AR      sound/drivers/pcsp/built-in.a
  AR      sound/drivers/built-in.a
  AR      sound/isa/ad1816a/built-in.a
  AR      sound/isa/ad1848/built-in.a
  AR      sound/isa/cs423x/built-in.a
  AR      sound/isa/es1688/built-in.a
  AR      sound/isa/galaxy/built-in.a
  AR      sound/isa/gus/built-in.a
  AR      sound/isa/msnd/built-in.a
  AR      sound/isa/opti9xx/built-in.a
  AR      sound/isa/sb/built-in.a
  AR      sound/isa/wavefront/built-in.a
  AR      sound/isa/wss/built-in.a
  AR      sound/isa/built-in.a
  AR      sound/pci/ac97/built-in.a
  AR      sound/pci/ali5451/built-in.a
  AR      sound/pci/asihpi/built-in.a
  AR      sound/pci/au88x0/built-in.a
  AR      sound/pci/aw2/built-in.a
  AR      sound/pci/ctxfi/built-in.a
  AR      sound/pci/ca0106/built-in.a
  AR      sound/pci/cs46xx/built-in.a
  CC      drivers/acpi/acpica/uterror.o
  AR      sound/pci/cs5535audio/built-in.a
  AR      sound/pci/lola/built-in.a
  AR      sound/pci/lx6464es/built-in.a
  AR      sound/pci/echoaudio/built-in.a
  AR      sound/pci/emu10k1/built-in.a
  AR      sound/pci/hda/built-in.a
  AR      sound/pci/ice1712/built-in.a
  AR      sound/pci/korg1212/built-in.a
  AR      sound/pci/mixart/built-in.a
  AR      sound/pci/nm256/built-in.a
  AR      sound/pci/oxygen/built-in.a
  AR      sound/pci/pcxhr/built-in.a
  AR      sound/pci/riptide/built-in.a
  AR      sound/pci/rme9652/built-in.a
  AR      sound/pci/trident/built-in.a
  AR      sound/pci/ymfpci/built-in.a
  AR      sound/pci/vx222/built-in.a
  AR      sound/pci/built-in.a
  AR      sound/ppc/built-in.a
  AR      sound/arm/built-in.a
  AR      sound/sh/built-in.a
  AR      sound/synth/built-in.a
  AR      sound/usb/misc/built-in.a
  AR      sound/usb/usx2y/built-in.a
  AR      sound/usb/caiaq/built-in.a
  AR      sound/usb/6fire/built-in.a
  AR      sound/usb/hiface/built-in.a
  AR      sound/usb/bcd2000/built-in.a
  AR      sound/usb/built-in.a
  AR      sound/firewire/built-in.a
  AR      sound/sparc/built-in.a
  AR      sound/spi/built-in.a
  AR      sound/parisc/built-in.a
  CC      drivers/acpi/acpica/uteval.o
  AR      sound/pcmcia/vx/built-in.a
  AR      sound/pcmcia/pdaudiocf/built-in.a
  AR      sound/pcmcia/built-in.a
  AR      sound/mips/built-in.a
  AR      sound/soc/codecs/built-in.a
  AR      sound/soc/generic/built-in.a
  AR      sound/soc/adi/built-in.a
  AR      sound/soc/amd/built-in.a
  AR      sound/soc/atmel/built-in.a
  AR      sound/soc/au1x/built-in.a
  AR      sound/soc/bcm/built-in.a
  AR      sound/soc/cirrus/built-in.a
  AR      sound/soc/dwc/built-in.a
  AR      sound/soc/fsl/built-in.a
  AR      sound/soc/hisilicon/built-in.a
  AR      sound/soc/jz4740/built-in.a
  AR      sound/soc/img/built-in.a
  AR      sound/soc/intel/common/built-in.a
  AR      sound/soc/intel/boards/built-in.a
  AR      sound/soc/intel/built-in.a
  AR      sound/soc/mediatek/built-in.a
  AR      sound/soc/meson/built-in.a
  AR      sound/soc/mxs/built-in.a
  AR      sound/soc/kirkwood/built-in.a
  AR      sound/soc/pxa/built-in.a
  AR      sound/soc/qcom/built-in.a
  AR      sound/soc/rockchip/built-in.a
  AR      sound/soc/samsung/built-in.a
  AR      sound/soc/sh/built-in.a
  AR      sound/soc/sirf/built-in.a
  AR      sound/soc/sof/built-in.a
  AR      sound/soc/spear/built-in.a
  AR      sound/soc/sprd/built-in.a
  CC      drivers/acpi/acpica/utglobal.o
  AR      sound/soc/sti/built-in.a
  AR      sound/soc/stm/built-in.a
  AR      sound/soc/sunxi/built-in.a
  AR      sound/soc/tegra/built-in.a
  AR      sound/soc/ti/built-in.a
  AR      sound/soc/txx9/built-in.a
  AR      sound/soc/uniphier/built-in.a
  AR      sound/soc/ux500/built-in.a
  AR      sound/soc/xilinx/built-in.a
  AR      sound/soc/xtensa/built-in.a
  AR      sound/soc/zte/built-in.a
  CC      sound/soc/soc-core.o
  CC      drivers/acpi/acpica/uthex.o
  CC      drivers/acpi/acpica/utids.o
  CC      drivers/acpi/acpica/utinit.o
  CC      drivers/acpi/acpica/utlock.o
  CC      drivers/acpi/acpica/utmath.o
  CC      drivers/acpi/acpica/utmisc.o
  CC      drivers/acpi/acpica/utmutex.o
  CC      drivers/acpi/acpica/utnonansi.o
  CC      sound/soc/soc-dapm.o
  CC      drivers/acpi/acpica/utobject.o
  CC      drivers/acpi/acpica/utosi.o
  CC      drivers/acpi/acpica/utownerid.o
  CC      drivers/acpi/acpica/utpredef.o
  CC      drivers/acpi/acpica/utresdecode.o
  CC      drivers/acpi/acpica/utresrc.o
  CC      drivers/acpi/acpica/utstate.o
  CC      drivers/acpi/acpica/utstring.o
  CC      sound/soc/soc-jack.o
  CC      drivers/acpi/acpica/utstrsuppt.o
  CC      drivers/acpi/acpica/utstrtoul64.o
  CC      drivers/acpi/acpica/utxface.o
  CC      sound/soc/soc-utils.o
  CC      drivers/acpi/acpica/utxfinit.o
  CC      drivers/acpi/acpica/utxferror.o
  CC      sound/soc/soc-dai.o
  CC      drivers/acpi/acpica/utxfmutex.o
  AR      drivers/acpi/acpica/built-in.a
  CC      drivers/acpi/numa/srat.o
  CC      sound/soc/soc-component.o
  AR      drivers/acpi/numa/built-in.a
  CC      drivers/acpi/apei/apei-base.o
  CC      sound/soc/soc-pcm.o
  CC      drivers/acpi/apei/hest.o
  CC      drivers/acpi/apei/erst.o
  CC      sound/soc/soc-devres.o
  CC      drivers/acpi/apei/bert.o
  CC      sound/soc/soc-ops.o
  CC      drivers/acpi/apei/ghes.o
  CC      sound/soc/soc-link.o
  CC      drivers/acpi/apei/einj.o
  CC      sound/soc/soc-card.o
  AR      drivers/acpi/apei/built-in.a
  AR      drivers/acpi/pmic/built-in.a
  CC      drivers/acpi/dptf/int340x_thermal.o
  CC      sound/soc/soc-generic-dmaengine-pcm.o
  AR      drivers/acpi/dptf/built-in.a
  CC      drivers/acpi/arm64/iort.o
  AR      sound/soc/built-in.a
  AR      sound/atmel/built-in.a
  AR      sound/hda/built-in.a
  AR      sound/x86/built-in.a
  AR      sound/xen/built-in.a
  CC      sound/sound_core.o
  CC      sound/last.o
  AR      sound/built-in.a
  CC      net/core/sock.o
  CC      drivers/acpi/arm64/gtdt.o
  AR      drivers/acpi/arm64/built-in.a
  CC      drivers/acpi/tables.o
  CC      drivers/acpi/osi.o
  CC      drivers/acpi/osl.o
  CC      net/core/request_sock.o
  CC      drivers/acpi/utils.o
  CC      net/core/skbuff.o
  CC      drivers/acpi/reboot.o
  CC      drivers/acpi/nvs.o
  CC      drivers/acpi/wakeup.o
  CC      drivers/acpi/device_sysfs.o
  CC      drivers/acpi/device_pm.o
  CC      drivers/acpi/bus.o
  CC      drivers/acpi/glue.o
  CC      net/core/datagram.o
  CC      drivers/acpi/scan.o
  CC      net/core/stream.o
  CC      drivers/acpi/resource.o
  CC      net/core/scm.o
  CC      drivers/acpi/acpi_processor.o
  CC      drivers/acpi/processor_core.o
  CC      net/core/gen_stats.o
  CC      drivers/acpi/ec.o
  CC      net/core/gen_estimator.o
  CC      net/core/net_namespace.o
  CC      drivers/acpi/pci_root.o
  CC      drivers/acpi/pci_link.o
  CC      net/core/secure_seq.o
  CC      drivers/acpi/pci_irq.o
  CC      drivers/acpi/acpi_lpss.o
  CC      net/core/flow_dissector.o
  CC      drivers/acpi/acpi_apd.o
  CC      drivers/acpi/acpi_platform.o
  CC      drivers/acpi/acpi_pnp.o
  CC      net/core/sysctl_net_core.o
  CC      drivers/acpi/acpi_amba.o
  CC      net/core/dev.o
  CC      drivers/acpi/power.o
  CC      drivers/acpi/event.o
  CC      drivers/acpi/evged.o
  CC      drivers/acpi/sysfs.o
  CC      drivers/acpi/property.o
  CC      drivers/acpi/debugfs.o
  CC      drivers/acpi/acpi_lpat.o
  CC      drivers/acpi/irq.o
  CC      drivers/acpi/pci_mcfg.o
  CC      drivers/acpi/ac.o
  CC      drivers/acpi/button.o
  CC      drivers/acpi/fan.o
  CC      net/core/dev_addr_lists.o
  CC      drivers/acpi/processor_driver.o
  CC      drivers/acpi/processor_idle.o
  CC      net/core/dst.o
  CC      drivers/acpi/processor_perflib.o
  CC      net/core/netevent.o
  CC      drivers/acpi/container.o
  CC      net/core/neighbour.o
  CC      drivers/acpi/thermal.o
  CC      drivers/acpi/acpi_memhotplug.o
  CC      drivers/acpi/battery.o
  CC      drivers/acpi/hed.o
  CC      drivers/acpi/cppc_acpi.o
  CC      net/core/rtnetlink.o
  CC      drivers/acpi/spcr.o
  CC      drivers/acpi/pptt.o
  AR      drivers/acpi/built-in.a
  CC      drivers/pnp/pnpacpi/core.o
  CC      drivers/pnp/pnpacpi/rsparser.o
  AR      drivers/pnp/pnpacpi/built-in.a
  CC      drivers/pnp/core.o
  CC      net/core/utils.o
  CC      drivers/pnp/card.o
  CC      net/core/link_watch.o
  CC      drivers/pnp/driver.o
  CC      drivers/pnp/resource.o
  CC      net/core/filter.o
  CC      drivers/pnp/manager.o
  CC      drivers/pnp/support.o
  CC      drivers/pnp/interface.o
  CC      drivers/pnp/quirks.o
  CC      drivers/pnp/system.o
  AR      drivers/pnp/built-in.a
  CC      drivers/amba/bus.o
  AR      drivers/amba/built-in.a
  AR      drivers/clk/actions/built-in.a
  AR      drivers/clk/analogbits/built-in.a
  AR      drivers/clk/bcm/built-in.a
  AR      drivers/clk/imgtec/built-in.a
  AR      drivers/clk/imx/built-in.a
  AR      drivers/clk/ingenic/built-in.a
  AR      drivers/clk/mediatek/built-in.a
  AR      drivers/clk/mvebu/built-in.a
  AR      drivers/clk/renesas/built-in.a
  AR      drivers/clk/sprd/built-in.a
  AR      drivers/clk/ti/built-in.a
  AR      drivers/clk/versatile/built-in.a
  CC      drivers/clk/nexell/clk-s5pxx18.o
  CC      drivers/clk/nexell/clk-s5pxx18-pll.o
  AR      drivers/clk/nexell/built-in.a
  CC      drivers/clk/clk-devres.o
  CC      drivers/clk/clk-bulk.o
  CC      drivers/clk/clkdev.o
  CC      net/core/sock_diag.o
  CC      drivers/clk/clk.o
  CC      net/core/dev_ioctl.o
  CC      net/core/tso.o
  CC      net/core/sock_reuseport.o
  CC      drivers/clk/clk-divider.o
  CC      net/core/fib_notifier.o
  CC      drivers/clk/clk-fixed-factor.o
  CC      net/core/xdp.o
  CC      drivers/clk/clk-fixed-rate.o
  CC      drivers/clk/clk-gate.o
  CC      net/core/flow_offload.o
  CC      drivers/clk/clk-multiplier.o
  CC      drivers/clk/clk-mux.o
  CC      net/core/net-sysfs.o
  CC      drivers/clk/clk-composite.o
  CC      drivers/clk/clk-fractional-divider.o
  CC      drivers/clk/clk-gpio.o
  CC      drivers/clk/clk-conf.o
  CC      drivers/clk/clk-cs2000-cp.o
  CC      net/core/page_pool.o
  CC      drivers/clk/clk-pwm.o
  CC      net/core/net-procfs.o
  CC      drivers/clk/clk-s2mps11.o
  CC      drivers/clk/clk-scpi.o
  CC      net/core/net-traces.o
  CC      drivers/clk/clk-versaclock5.o
  AR      drivers/clk/built-in.a
  AR      drivers/dma/mediatek/built-in.a
  AR      drivers/dma/qcom/built-in.a
  AR      drivers/dma/ti/built-in.a
  AR      drivers/dma/xilinx/built-in.a
  CC      drivers/dma/dmaengine.o
  CC      drivers/dma/virt-dma.o
  CC      drivers/dma/acpi-dma.o
  CC      net/core/ptp_classifier.o
  CC      drivers/dma/of-dma.o
  CC      drivers/dma/amba-pl08x.o
  CC      net/core/dst_cache.o
  CC      net/core/devlink.o
  CC      drivers/dma/fsl-edma.o
  CC      drivers/dma/fsl-edma-common.o
  CC      drivers/dma/mv_xor_v2.o
  CC      drivers/dma/pl330.o
  AR      drivers/dma/built-in.a
  AR      drivers/soc/bcm/built-in.a
  AR      drivers/soc/fsl/built-in.a
  AR      drivers/soc/imx/built-in.a
  AR      drivers/soc/mediatek/built-in.a
  AR      drivers/soc/amlogic/built-in.a
  AR      drivers/soc/qcom/built-in.a
  AR      drivers/soc/renesas/built-in.a
  AR      drivers/soc/sunxi/built-in.a
  AR      drivers/soc/ti/built-in.a
  AR      drivers/soc/xilinx/built-in.a
  CC      drivers/soc/nexell/s5pxx18/tieoff_init.o
  CC      drivers/soc/nexell/s5pxx18/cpu-sys.o
  AR      drivers/soc/nexell/s5pxx18/built-in.a
  AR      drivers/soc/nexell/built-in.a
  AR      drivers/soc/built-in.a
  CC      drivers/virtio/virtio.o
  CC      net/core/gro_cells.o
  CC      drivers/virtio/virtio_ring.o
  CC      net/core/failover.o
  CC      drivers/virtio/virtio_mmio.o
  AR      net/core/built-in.a
  CC      net/ethernet/eth.o
  CC      drivers/virtio/virtio_pci_modern.o
  AR      net/ethernet/built-in.a
  AR      net/802/built-in.a
  CC      net/sched/sch_generic.o
  CC      drivers/virtio/virtio_pci_common.o
  CC      drivers/virtio/virtio_pci_legacy.o
  CC      drivers/virtio/virtio_balloon.o
  CC      net/sched/sch_mq.o
  CC      net/sched/sch_api.o
  AR      drivers/virtio/built-in.a
  CC      drivers/xen/events/events_base.o
  CC      drivers/xen/events/events_2l.o
  CC      net/sched/sch_blackhole.o
  CC      drivers/xen/events/events_fifo.o
  CC      net/sched/cls_api.o
  AR      drivers/xen/events/built-in.a
  CC      drivers/xen/xenbus/xenbus_client.o
  CC      drivers/xen/xenbus/xenbus_comms.o
  CC      drivers/xen/xenbus/xenbus_xs.o
  CC      drivers/xen/xenbus/xenbus_probe.o
  CC      net/sched/act_api.o
  CC      drivers/xen/xenbus/xenbus_probe_backend.o
  CC      drivers/xen/xenbus/xenbus_dev_frontend.o
  CC      drivers/xen/xenbus/xenbus_dev_backend.o
  CC      net/sched/sch_fifo.o
  CC      drivers/xen/xenbus/xenbus_probe_frontend.o
  AR      net/sched/built-in.a
  CC      net/netlink/af_netlink.o
  AR      drivers/xen/xenbus/built-in.a
  CC      drivers/xen/xenfs/super.o
  CC      drivers/xen/xenfs/xenstored.o
  AR      drivers/xen/xenfs/built-in.a
  CC      drivers/xen/cpu_hotplug.o
  CC      drivers/xen/grant-table.o
  CC      net/netlink/genetlink.o
  CC      drivers/xen/features.o
  CC      drivers/xen/balloon.o
  CC      drivers/xen/manage.o
  CC      net/netlink/policy.o
  CC      drivers/xen/time.o
  CC      drivers/xen/mem-reservation.o
  AR      net/netlink/built-in.a
  AR      net/bpf/built-in.a
  CC      net/ethtool/ioctl.o
  CC      drivers/xen/arm-device.o
  CC      drivers/xen/pci.o
  CC      drivers/xen/dbgp.o
  CC      drivers/xen/biomerge.o
  CC      net/ethtool/common.o
  CC      drivers/xen/xen-balloon.o
  CC      net/ethtool/netlink.o
  CC      drivers/xen/evtchn.o
  CC      drivers/xen/gntdev.o
  CC      net/ethtool/bitset.o
  CC      drivers/xen/gntalloc.o
  CC      net/ethtool/strset.o
  CC      drivers/xen/sys-hypervisor.o
  CC      net/ethtool/linkinfo.o
  CC      drivers/xen/swiotlb-xen.o
  CC      net/ethtool/linkmodes.o
  CC      drivers/xen/privcmd.o
  CC      net/ethtool/linkstate.o
  CC      drivers/xen/privcmd-buf.o
  CC      drivers/xen/efi.o
  CC      net/ethtool/debug.o
  CC      drivers/xen/xlate_mmu.o
  CC      net/ethtool/wol.o
  AR      drivers/xen/built-in.a
  CC      drivers/regulator/core.o
  CC      net/ethtool/features.o
  CC      net/ethtool/privflags.o
  CC      net/ethtool/rings.o
  CC      net/ethtool/channels.o
  CC      drivers/regulator/dummy.o
  CC      drivers/regulator/fixed-helper.o
  CC      net/ethtool/coalesce.o
  CC      drivers/regulator/helpers.o
  CC      net/ethtool/pause.o
  CC      drivers/regulator/devres.o
  CC      net/ethtool/eee.o
  CC      drivers/regulator/of_regulator.o
  CC      net/ethtool/tsinfo.o
  CC      drivers/regulator/fixed.o
  CC      drivers/regulator/gpio-regulator.o
  CC      net/ethtool/cabletest.o
  CC      drivers/regulator/axp228-regu.o
  CC      net/ethtool/tunnels.o
  AR      drivers/regulator/built-in.a
  AR      drivers/reset/hisilicon/built-in.a
  CC      drivers/reset/core.o
  AR      net/ethtool/built-in.a
  CC      net/netfilter/core.o
  CC      drivers/reset/reset-nexell.o
  AR      drivers/reset/built-in.a
  CC      drivers/tty/vt/vt_ioctl.o
  CC      net/netfilter/nf_log.o
  CC      drivers/tty/vt/vc_screen.o
  CC      net/netfilter/nf_queue.o
  CC      drivers/tty/vt/selection.o
  CC      drivers/tty/vt/keyboard.o
  CC      net/netfilter/nf_sockopt.o
  CC      net/netfilter/utils.o
  CC      drivers/tty/vt/consolemap.o
  AR      net/netfilter/built-in.a
  AR      net/ipv4/netfilter/built-in.a
  CC      net/ipv4/route.o
  HOSTCC  drivers/tty/vt/conmakehash
  CC      drivers/tty/vt/vt.o
  CC      net/ipv4/inetpeer.o
  SHIPPED drivers/tty/vt/defkeymap.c
  CONMK   drivers/tty/vt/consolemap_deftbl.c
  CC      drivers/tty/vt/defkeymap.o
  CC      drivers/tty/vt/consolemap_deftbl.o
  AR      drivers/tty/vt/built-in.a
  CC      drivers/tty/hvc/hvc_console.o
  CC      net/ipv4/protocol.o
  CC      drivers/tty/hvc/hvc_irq.o
  CC      net/ipv4/ip_input.o
  CC      drivers/tty/hvc/hvc_xen.o
  AR      drivers/tty/hvc/built-in.a
  CC      drivers/tty/serial/8250/8250_core.o
  CC      net/ipv4/ip_fragment.o
  CC      drivers/tty/serial/8250/8250_pnp.o
  CC      net/ipv4/ip_forward.o
  CC      drivers/tty/serial/8250/8250_port.o
  CC      net/ipv4/ip_options.o
  CC      drivers/tty/serial/8250/8250_dma.o
  CC      net/ipv4/ip_output.o
  CC      drivers/tty/serial/8250/8250_dwlib.o
  CC      drivers/tty/serial/8250/8250_pci.o
  CC      drivers/tty/serial/8250/8250_exar.o
  CC      net/ipv4/ip_sockglue.o
  CC      drivers/tty/serial/8250/8250_early.o
  CC      drivers/tty/serial/8250/8250_fsl.o
  CC      net/ipv4/inet_hashtables.o
  CC      drivers/tty/serial/8250/8250_dw.o
  CC      drivers/tty/serial/8250/8250_of.o
  AR      drivers/tty/serial/8250/built-in.a
  CC      drivers/tty/serial/serial_core.o
  CC      net/ipv4/inet_timewait_sock.o
  CC      net/ipv4/inet_connection_sock.o
  CC      drivers/tty/serial/earlycon.o
  CC      drivers/tty/serial/amba-pl011.o
  CC      net/ipv4/tcp.o
  CC      drivers/tty/serial/samsung_tty.o
  CC      drivers/tty/serial/xilinx_uartps.o
  CC      net/ipv4/tcp_input.o
  CC      drivers/tty/serial/fsl_lpuart.o
  CC      drivers/tty/serial/fsl_linflexuart.o
  CC      drivers/tty/serial/serial_mctrl_gpio.o
  AR      drivers/tty/serial/built-in.a
  CC      drivers/tty/serdev/core.o
  CC      drivers/tty/serdev/serdev-ttyport.o
  CC      net/ipv4/tcp_output.o
  AR      drivers/tty/serdev/built-in.a
  AR      drivers/tty/ipwireless/built-in.a
  CC      drivers/tty/tty_io.o
  CC      drivers/tty/n_tty.o
  CC      net/ipv4/tcp_timer.o
  CC      drivers/tty/tty_ioctl.o
  CC      net/ipv4/tcp_ipv4.o
  CC      drivers/tty/tty_ldisc.o
  CC      drivers/tty/tty_buffer.o
  CC      drivers/tty/tty_port.o
  CC      drivers/tty/tty_mutex.o
  CC      net/ipv4/tcp_minisocks.o
  CC      drivers/tty/tty_ldsem.o
  CC      drivers/tty/tty_baudrate.o
  CC      net/ipv4/tcp_cong.o
  CC      drivers/tty/tty_jobctrl.o
  CC      drivers/tty/n_null.o
  CC      net/ipv4/tcp_metrics.o
  CC      drivers/tty/pty.o
  CC      drivers/tty/tty_audit.o
  CC      net/ipv4/tcp_fastopen.o
  CC      drivers/tty/sysrq.o
  AR      drivers/tty/built-in.a
  AR      drivers/char/agp/built-in.a
  CC      drivers/char/tpm/tpm-chip.o
  CC      net/ipv4/tcp_rate.o
  CC      drivers/char/tpm/tpm-dev-common.o
  CC      net/ipv4/tcp_recovery.o
  CC      drivers/char/tpm/tpm-dev.o
  CC      drivers/char/tpm/tpm-interface.o
  CC      net/ipv4/tcp_ulp.o
  CC      drivers/char/tpm/tpm1-cmd.o
  CC      net/ipv4/tcp_offload.o
  CC      drivers/char/tpm/tpm2-cmd.o
  CC      net/ipv4/datagram.o
  CC      drivers/char/tpm/tpmrm-dev.o
  CC      drivers/char/tpm/tpm2-space.o
  CC      net/ipv4/raw.o
  CC      drivers/char/tpm/tpm-sysfs.o
  CC      drivers/char/tpm/eventlog/common.o
  CC      net/ipv4/udp.o
  CC      drivers/char/tpm/eventlog/tpm1.o
  CC      drivers/char/tpm/eventlog/tpm2.o
  CC      drivers/char/tpm/tpm_ppi.o
  CC      drivers/char/tpm/eventlog/acpi.o
  CC      drivers/char/tpm/eventlog/efi.o
  CC      net/ipv4/udplite.o
  CC      drivers/char/tpm/eventlog/of.o
  CC      drivers/char/tpm/tpm_i2c_infineon.o
  CC      net/ipv4/udp_offload.o
  AR      drivers/char/tpm/built-in.a
  CC      drivers/char/mem.o
  CC      net/ipv4/arp.o
  CC      drivers/char/random.o
  CC      drivers/char/misc.o
  CC      net/ipv4/icmp.o
  CC      drivers/char/virtio_console.o
  CC      net/ipv4/devinet.o
  AR      drivers/char/built-in.a
  AR      drivers/iommu/amd/built-in.a
  AR      drivers/iommu/intel/built-in.a
  CC      drivers/iommu/arm/arm-smmu/arm-smmu.o
  CC      net/ipv4/af_inet.o
  CC      drivers/iommu/arm/arm-smmu/arm-smmu-impl.o
  CC      drivers/iommu/arm/arm-smmu/arm-smmu-nvidia.o
  CC      drivers/iommu/arm/arm-smmu/arm-smmu-qcom.o
  CC      net/ipv4/igmp.o
  AR      drivers/iommu/arm/arm-smmu/built-in.a
  CC      drivers/iommu/arm/arm-smmu-v3/arm-smmu-v3.o
  AR      drivers/iommu/arm/arm-smmu-v3/built-in.a
  AR      drivers/iommu/arm/built-in.a
  CC      drivers/iommu/iommu.o
  CC      net/ipv4/fib_frontend.o
  CC      drivers/iommu/iommu-traces.o
  CC      net/ipv4/fib_semantics.o
  CC      drivers/iommu/iommu-sysfs.o
  CC      drivers/iommu/dma-iommu.o
  CC      net/ipv4/fib_trie.o
  CC      drivers/iommu/io-pgtable.o
  CC      drivers/iommu/io-pgtable-arm.o
  CC      drivers/iommu/iova.o
  CC      net/ipv4/fib_notifier.o
  CC      drivers/iommu/of_iommu.o
  CC      net/ipv4/inet_fragment.o
  AR      drivers/iommu/built-in.a
  AR      drivers/gpu/drm/arm/built-in.a
  AR      drivers/gpu/drm/rcar-du/built-in.a
  AR      drivers/gpu/drm/omapdrm/dss/built-in.a
  AR      drivers/gpu/drm/omapdrm/displays/built-in.a
  AR      drivers/gpu/drm/omapdrm/built-in.a
  AR      drivers/gpu/drm/tilcdc/built-in.a
  AR      drivers/gpu/drm/imx/built-in.a
  AR      drivers/gpu/drm/i2c/built-in.a
  CC      drivers/gpu/drm/panel/panel-nanopi.o
  AR      drivers/gpu/drm/panel/built-in.a
  AR      drivers/gpu/drm/bridge/analogix/built-in.a
  AR      drivers/gpu/drm/bridge/cadence/built-in.a
  AR      drivers/gpu/drm/bridge/synopsys/built-in.a
  AR      drivers/gpu/drm/bridge/built-in.a
  AR      drivers/gpu/drm/hisilicon/built-in.a
  AR      drivers/gpu/drm/tiny/built-in.a
  AR      drivers/gpu/drm/xlnx/built-in.a
  CC      drivers/gpu/drm/nexell/soc/s5pxx18_drm_dp.o
  CC      net/ipv4/ping.o
  CC      drivers/gpu/drm/nexell/soc/s5pxx18_dp_dev.o
  CC      drivers/gpu/drm/nexell/soc/s5pxx18_soc_mlc.o
  CC      net/ipv4/ip_tunnel_core.o
  CC      drivers/gpu/drm/nexell/soc/s5pxx18_soc_dpc.o
  CC      net/ipv4/gre_offload.o
  CC      drivers/gpu/drm/nexell/soc/s5pxx18_soc_disptop.o
  CC      drivers/gpu/drm/nexell/soc/s5pxx18_soc_disptop_clk.o
  CC      net/ipv4/metrics.o
  CC      drivers/gpu/drm/nexell/soc/s5pxx18_dp_rgb.o
  CC      drivers/gpu/drm/nexell/soc/s5pxx18_soc_lvds.o
  CC      drivers/gpu/drm/nexell/soc/s5pxx18_dp_lvds.o
  CC      net/ipv4/netlink.o
  CC      drivers/gpu/drm/nexell/soc/s5pxx18_hdmi_presets.o
  CC      net/ipv4/nexthop.o
  CC      drivers/gpu/drm/nexell/soc/s5pxx18_reg_hdmi.o
  CC      drivers/gpu/drm/nexell/soc/s5pxx18_dp_hdmi.o
  AR      drivers/gpu/drm/nexell/soc/built-in.a
  CC      drivers/gpu/drm/nexell/nx_drm_lcd.o
  CC      net/ipv4/udp_tunnel_stub.o
  CC      drivers/gpu/drm/nexell/nx_drm_hdmi.o
  CC      net/ipv4/sysctl_net_ipv4.o
  CC      drivers/gpu/drm/nexell/nx_drm_drv.o
  CC      drivers/gpu/drm/nexell/nx_drm_connector.o
  CC      net/ipv4/proc.o
  CC      drivers/gpu/drm/nexell/nx_drm_encoder.o
  CC      drivers/gpu/drm/nexell/nx_drm_crtc.o
  CC      net/ipv4/ipconfig.o
  CC      drivers/gpu/drm/nexell/nx_drm_plane.o
  CC      drivers/gpu/drm/nexell/nx_drm_fb.o
  CC      net/ipv4/netfilter.o
  CC      drivers/gpu/drm/nexell/nx_drm_gem.o
  CC      net/ipv4/inet_diag.o
  AR      drivers/gpu/drm/nexell/built-in.a
  CC      drivers/gpu/drm/drm_bridge_connector.o
  CC      net/ipv4/tcp_diag.o
  CC      drivers/gpu/drm/drm_crtc_helper.o
  CC      net/ipv4/tcp_cubic.o
  CC      drivers/gpu/drm/drm_dp_helper.o
  AR      net/ipv4/built-in.a
  CC      net/unix/af_unix.o
  CC      drivers/gpu/drm/drm_dsc.o
  CC      drivers/gpu/drm/drm_probe_helper.o
  CC      drivers/gpu/drm/drm_plane_helper.o
  CC      net/unix/garbage.o
  CC      drivers/gpu/drm/drm_dp_mst_topology.o
  CC      net/unix/sysctl_net_unix.o
  CC      net/unix/scm.o
  AR      net/unix/built-in.a
  AR      net/ipv6/netfilter/built-in.a
  CC      net/ipv6/addrconf_core.o
  CC      drivers/gpu/drm/drm_atomic_helper.o
  CC      net/ipv6/exthdrs_core.o
  CC      net/ipv6/ip6_checksum.o
  CC      drivers/gpu/drm/drm_kms_helper_common.o
  CC      net/ipv6/ip6_icmp.o
  CC      drivers/gpu/drm/drm_dp_dual_mode_helper.o
  CC      net/ipv6/output_core.o
  CC      drivers/gpu/drm/drm_simple_kms_helper.o
  CC      drivers/gpu/drm/drm_modeset_helper.o
  CC      net/ipv6/protocol.o
  CC      drivers/gpu/drm/drm_scdc_helper.o
  CC      net/ipv6/ip6_offload.o
  CC      drivers/gpu/drm/drm_gem_framebuffer_helper.o
  CC      drivers/gpu/drm/drm_atomic_state_helper.o
  CC      net/ipv6/tcpv6_offload.o
  CC      drivers/gpu/drm/drm_damage_helper.o
  CC      net/ipv6/exthdrs_offload.o
  CC      drivers/gpu/drm/drm_format_helper.o
  CC      net/ipv6/inet6_hashtables.o
  CC      drivers/gpu/drm/drm_self_refresh_helper.o
  CC      drivers/gpu/drm/bridge/panel.o
  CC      net/ipv6/mcast_snoop.o
  CC      drivers/gpu/drm/drm_fb_helper.o
  AR      net/ipv6/built-in.a
  CC      net/packet/af_packet.o
  CC      drivers/gpu/drm/drm_fb_cma_helper.o
  CC      drivers/gpu/drm/drm_auth.o
  CC      drivers/gpu/drm/drm_cache.o
  CC      drivers/gpu/drm/drm_file.o
  AR      net/packet/built-in.a
  CC      drivers/gpu/drm/drm_gem.o
  CC      net/sunrpc/auth_gss/auth_gss.o
  CC      drivers/gpu/drm/drm_ioctl.o
  CC      drivers/gpu/drm/drm_irq.o
  CC      net/sunrpc/auth_gss/gss_generic_token.o
  CC      drivers/gpu/drm/drm_memory.o
  CC      net/sunrpc/auth_gss/gss_mech_switch.o
  CC      drivers/gpu/drm/drm_drv.o
  CC      drivers/gpu/drm/drm_sysfs.o
  CC      net/sunrpc/auth_gss/svcauth_gss.o
  CC      drivers/gpu/drm/drm_hashtab.o
  CC      drivers/gpu/drm/drm_mm.o
  CC      drivers/gpu/drm/drm_crtc.o
  CC      net/sunrpc/auth_gss/gss_rpc_upcall.o
  CC      drivers/gpu/drm/drm_fourcc.o
  CC      net/sunrpc/auth_gss/gss_rpc_xdr.o
  CC      drivers/gpu/drm/drm_modes.o
  CC      net/sunrpc/auth_gss/trace.o
  CC      drivers/gpu/drm/drm_edid.o
  AR      net/sunrpc/auth_gss/built-in.a
  CC      net/sunrpc/clnt.o
  CC      drivers/gpu/drm/drm_encoder_slave.o
  CC      drivers/gpu/drm/drm_trace_points.o
  CC      drivers/gpu/drm/drm_prime.o
  CC      net/sunrpc/xprt.o
  CC      drivers/gpu/drm/drm_rect.o
  CC      drivers/gpu/drm/drm_vma_manager.o
  CC      drivers/gpu/drm/drm_flip_work.o
  CC      drivers/gpu/drm/drm_modeset_lock.o
  CC      net/sunrpc/socklib.o
  CC      drivers/gpu/drm/drm_atomic.o
  CC      net/sunrpc/xprtsock.o
  CC      drivers/gpu/drm/drm_bridge.o
  CC      drivers/gpu/drm/drm_framebuffer.o
  CC      drivers/gpu/drm/drm_connector.o
  CC      net/sunrpc/sched.o
  CC      drivers/gpu/drm/drm_blend.o
  CC      drivers/gpu/drm/drm_encoder.o
  CC      drivers/gpu/drm/drm_mode_object.o
  CC      drivers/gpu/drm/drm_property.o
  CC      drivers/gpu/drm/drm_plane.o
  CC      drivers/gpu/drm/drm_color_mgmt.o
  CC      drivers/gpu/drm/drm_print.o
  CC      net/sunrpc/auth.o
  CC      drivers/gpu/drm/drm_dumb_buffers.o
  CC      drivers/gpu/drm/drm_mode_config.o
  CC      net/sunrpc/auth_null.o
  CC      drivers/gpu/drm/drm_vblank.o
  CC      net/sunrpc/auth_unix.o
  CC      drivers/gpu/drm/drm_syncobj.o
  CC      net/sunrpc/svc.o
  CC      drivers/gpu/drm/drm_lease.o
  CC      net/sunrpc/svcsock.o
  CC      drivers/gpu/drm/drm_writeback.o
  CC      drivers/gpu/drm/drm_client.o
  CC      drivers/gpu/drm/drm_client_modeset.o
  CC      net/sunrpc/svcauth.o
  CC      drivers/gpu/drm/drm_atomic_uapi.o
  CC      net/sunrpc/svcauth_unix.o
  CC      drivers/gpu/drm/drm_hdcp.o
  CC      net/sunrpc/addr.o
  CC      drivers/gpu/drm/drm_managed.o
  CC      net/sunrpc/rpcb_clnt.o
  CC      drivers/gpu/drm/drm_vblank_work.o
  CC      drivers/gpu/drm/drm_legacy_misc.o
  CC      drivers/gpu/drm/drm_bufs.o
  CC      net/sunrpc/timer.o
  CC      net/sunrpc/xdr.o
  CC      drivers/gpu/drm/drm_context.o
  CC      drivers/gpu/drm/drm_dma.o
  CC      drivers/gpu/drm/drm_scatter.o
  CC      drivers/gpu/drm/drm_lock.o
  CC      net/sunrpc/sunrpc_syms.o
  CC      drivers/gpu/drm/drm_vm.o
  CC      net/sunrpc/cache.o
  CC      drivers/gpu/drm/drm_ioc32.o
  CC      drivers/gpu/drm/drm_gem_cma_helper.o
  CC      drivers/gpu/drm/drm_gem_shmem_helper.o
  CC      net/sunrpc/rpc_pipe.o
  CC      drivers/gpu/drm/drm_panel.o
  CC      drivers/gpu/drm/drm_of.o
  CC      net/sunrpc/svc_xprt.o
  CC      drivers/gpu/drm/drm_pci.o
  CC      drivers/gpu/drm/drm_debugfs.o
  CC      drivers/gpu/drm/drm_debugfs_crc.o
  CC      net/sunrpc/xprtmultipath.o
  CC      drivers/gpu/drm/drm_mipi_dsi.o
  CC      drivers/gpu/drm/drm_panel_orientation_quirks.o
  CC      net/sunrpc/backchannel_rqst.o
  AR      drivers/gpu/drm/built-in.a
  CC      drivers/gpu/vga/vgaarb.o
  CC      net/sunrpc/stats.o
  AR      drivers/gpu/vga/built-in.a
  CC      drivers/gpu/arm/mali400/mali/platform/nexell/s5pxx18.o
  CC      drivers/gpu/arm/mali400/mali/platform/nexell/s5pxx18_core_scaling.o
  CC      net/sunrpc/sysctl.o
  CC      drivers/gpu/arm/mali400/mali/linux/mali_osk_atomics.o
  AR      net/sunrpc/built-in.a
  CC      net/8021q/vlan_core.o
  CC      drivers/gpu/arm/mali400/mali/linux/mali_osk_irq.o
  CC      drivers/gpu/arm/mali400/mali/linux/mali_osk_wq.o
  AR      net/8021q/built-in.a
  AR      net/wireless/built-in.a
  CC      net/9p/mod.o
  CC      drivers/gpu/arm/mali400/mali/linux/mali_osk_locks.o
  CC      net/9p/client.o
  CC      drivers/gpu/arm/mali400/mali/linux/mali_osk_wait_queue.o
  CC      drivers/gpu/arm/mali400/mali/linux/mali_osk_low_level_mem.o
  CC      drivers/gpu/arm/mali400/mali/linux/mali_osk_math.o
  CC      net/9p/error.o
  CC      drivers/gpu/arm/mali400/mali/linux/mali_osk_memory.o
  CC      net/9p/protocol.o
  CC      drivers/gpu/arm/mali400/mali/linux/mali_osk_misc.o
  CC      net/9p/trans_fd.o
  CC      drivers/gpu/arm/mali400/mali/linux/mali_osk_mali.o
  CC      drivers/gpu/arm/mali400/mali/linux/mali_osk_notification.o
  CC      net/9p/trans_common.o
  CC      drivers/gpu/arm/mali400/mali/linux/mali_osk_time.o
  CC      net/9p/trans_virtio.o
  CC      drivers/gpu/arm/mali400/mali/linux/mali_osk_timers.o
  CC      drivers/gpu/arm/mali400/mali/linux/mali_osk_bitmap.o
  AR      net/9p/built-in.a
  CC      net/dns_resolver/dns_key.o
  CC      drivers/gpu/arm/mali400/mali/linux/mali_memory.o
  CC      net/dns_resolver/dns_query.o
  CC      drivers/gpu/arm/mali400/mali/linux/mali_memory_os_alloc.o
  AR      net/dns_resolver/built-in.a
  CC      net/switchdev/switchdev.o
  CC      drivers/gpu/arm/mali400/mali/linux/mali_memory_external.o
  AR      net/switchdev/built-in.a
  CC      net/devres.o
  CC      drivers/gpu/arm/mali400/mali/linux/mali_memory_block_alloc.o
  CC      net/socket.o
  CC      drivers/gpu/arm/mali400/mali/linux/mali_memory_swap_alloc.o
  CC      drivers/gpu/arm/mali400/mali/linux/mali_memory_manager.o
  CC      drivers/gpu/arm/mali400/mali/linux/mali_memory_virtual.o
  CC      net/compat.o
  CC      drivers/gpu/arm/mali400/mali/linux/mali_memory_util.o
  CC      drivers/gpu/arm/mali400/mali/linux/mali_memory_cow.o
  CC      net/sysctl_net.o
  CC      drivers/gpu/arm/mali400/mali/linux/mali_memory_defer_bind.o
  AR      net/built-in.a
  CC      virt/lib/irqbypass.o
  CC      drivers/gpu/arm/mali400/mali/linux/mali_ukk_mem.o
  AR      virt/lib/built-in.a
  AR      virt/built-in.a
  CC      drivers/base/power/sysfs.o
  CC      drivers/gpu/arm/mali400/mali/linux/mali_ukk_gp.o
  CC      drivers/base/power/generic_ops.o
  CC      drivers/base/power/common.o
  CC      drivers/gpu/arm/mali400/mali/linux/mali_ukk_pp.o
  CC      drivers/base/power/qos.o
  CC      drivers/gpu/arm/mali400/mali/linux/mali_ukk_core.o
  CC      drivers/gpu/arm/mali400/mali/linux/mali_ukk_soft_job.o
  CC      drivers/base/power/runtime.o
  CC      drivers/gpu/arm/mali400/mali/linux/mali_ukk_timeline.o
  CC      drivers/gpu/arm/mali400/mali/common/mali_kernel_core.o
  CC      drivers/base/power/wakeirq.o
  CC      drivers/base/power/main.o
  CC      drivers/gpu/arm/mali400/mali/linux/mali_kernel_linux.o
  CC      drivers/gpu/arm/mali400/mali/common/mali_session.o
  CC      drivers/base/power/wakeup.o
  CC      drivers/gpu/arm/mali400/mali/linux/mali_device_pause_resume.o
  CC      drivers/gpu/arm/mali400/mali/common/mali_kernel_vsync.o
  CC      drivers/gpu/arm/mali400/mali/linux/mali_ukk_vsync.o
  CC      drivers/base/power/wakeup_stats.o
  CC      drivers/base/power/domain.o
  CC      drivers/gpu/arm/mali400/mali/linux/mali_kernel_sysfs.o
  CC      drivers/gpu/arm/mali400/mali/common/mali_mmu.o
  CC      drivers/gpu/arm/mali400/mali/common/mali_mmu_page_directory.o
  CC      drivers/base/power/domain_governor.o
  CC      drivers/base/power/clock_ops.o
  CC      drivers/gpu/arm/mali400/mali/common/mali_mem_validation.o
  CC      drivers/gpu/arm/mali400/mali/common/mali_hw_core.o
  AR      drivers/base/power/built-in.a
  AR      drivers/base/firmware_loader/builtin/built-in.a
  CC      drivers/base/firmware_loader/fallback_table.o
  CC      drivers/gpu/arm/mali400/mali/common/mali_gp.o
  CC      drivers/base/firmware_loader/main.o
  CC      drivers/gpu/arm/mali400/mali/common/mali_pp.o
  CC      drivers/base/firmware_loader/fallback.o
  CC      drivers/gpu/arm/mali400/mali/common/mali_pp_job.o
  AR      drivers/base/firmware_loader/built-in.a
  CC      drivers/base/regmap/regmap.o
  CC      drivers/gpu/arm/mali400/mali/common/mali_gp_job.o
  CC      drivers/gpu/arm/mali400/mali/common/mali_soft_job.o
  CC      drivers/gpu/arm/mali400/mali/common/mali_scheduler.o
  CC      drivers/base/regmap/regcache.o
  CC      drivers/gpu/arm/mali400/mali/common/mali_executor.o
  CC      drivers/base/regmap/regcache-rbtree.o
  CC      drivers/base/regmap/regcache-flat.o
  CC      drivers/gpu/arm/mali400/mali/common/mali_group.o
  CC      drivers/base/regmap/regmap-debugfs.o
  CC      drivers/gpu/arm/mali400/mali/common/mali_dlbu.o
  CC      drivers/base/regmap/regmap-i2c.o
  CC      drivers/gpu/arm/mali400/mali/common/mali_broadcast.o
  CC      drivers/base/regmap/regmap-spi.o
  CC      drivers/gpu/arm/mali400/mali/common/mali_pm.o
  CC      drivers/base/regmap/regmap-mmio.o
  CC      drivers/base/regmap/regmap-irq.o
  CC      drivers/gpu/arm/mali400/mali/common/mali_pmu.o
  CC      drivers/gpu/arm/mali400/mali/common/mali_user_settings_db.o
  AR      drivers/base/regmap/built-in.a
  AR      drivers/base/test/built-in.a
  CC      drivers/base/component.o
  CC      drivers/gpu/arm/mali400/mali/common/mali_kernel_utilization.o
  CC      drivers/base/core.o
  CC      drivers/gpu/arm/mali400/mali/common/mali_control_timer.o
  CC      drivers/gpu/arm/mali400/mali/common/mali_l2_cache.o
  CC      drivers/gpu/arm/mali400/mali/common/mali_timeline.o
  CC      drivers/base/bus.o
  CC      drivers/gpu/arm/mali400/mali/common/mali_timeline_fence_wait.o
  CC      drivers/gpu/arm/mali400/mali/common/mali_timeline_sync_fence.o
  CC      drivers/base/dd.o
  CC      drivers/gpu/arm/mali400/mali/common/mali_spinlock_reentrant.o
  CC      drivers/base/syscore.o
  CC      drivers/gpu/arm/mali400/mali/common/mali_pm_domain.o
  CC      drivers/gpu/arm/mali400/mali/linux/mali_osk_pm.o
  CC      drivers/base/driver.o
  CC      drivers/gpu/arm/mali400/mali/linux/mali_pmu_power_up_down.o
  CC      drivers/base/class.o
  CC      drivers/gpu/arm/mali400/mali/__malidrv_build_info.o
  CC      drivers/gpu/arm/mali400/mali/linux/mali_ukk_profiling.o
  CC      drivers/base/platform.o
  CC      drivers/gpu/arm/mali400/mali/linux/mali_osk_profiling.o
  CC      drivers/base/cpu.o
  CC      drivers/gpu/arm/mali400/mali/linux/mali_memory_dma_buf.o
  CC      drivers/base/firmware.o
  CC      drivers/base/init.o
  CC      drivers/gpu/arm/mali400/mali/linux/mali_memory_secure.o
  CC      drivers/base/map.o
  CC      drivers/base/devres.o
  CC      drivers/gpu/arm/mali400/mali/linux/mali_sync.o
  CC      drivers/gpu/arm/mali400/mali/linux/mali_internal_sync.o
  CC      drivers/base/attribute_container.o
  CC      drivers/base/transport_class.o
  CC      drivers/gpu/arm/mali400/mali/common/mali_dvfs_policy.o
  CC      drivers/base/topology.o
  AR      drivers/gpu/arm/mali400/mali/built-in.a
  AR      drivers/gpu/arm/mali400/built-in.a
  AR      drivers/gpu/arm/built-in.a
  AR      drivers/gpu/built-in.a
  CC      drivers/block/loop.o
  CC      drivers/base/container.o
  CC      drivers/base/property.o
  CC      drivers/base/cacheinfo.o
  CC      drivers/block/virtio_blk.o
  CC      drivers/base/swnode.o
  CC      drivers/block/xen-blkfront.o
  CC      drivers/base/devtmpfs.o
  CC      drivers/base/node.o
  CC      drivers/base/module.o
  AR      drivers/block/built-in.a
  AS      arch/arm64/lib/clear_page.o
  AS      arch/arm64/lib/clear_user.o
  AS      arch/arm64/lib/copy_from_user.o
  AS      arch/arm64/lib/copy_in_user.o
  CC      drivers/base/hypervisor.o
  AS      arch/arm64/lib/copy_page.o
  AS      arch/arm64/lib/copy_to_user.o
  CC      arch/arm64/lib/csum.o
  CC      drivers/base/soc.o
  CC      arch/arm64/lib/delay.o
  CC      drivers/base/pinctrl.o
  AS      arch/arm64/lib/memchr.o
  AS      arch/arm64/lib/memcmp.o
  AS      arch/arm64/lib/memcpy.o
  AS      arch/arm64/lib/memmove.o
  AS      arch/arm64/lib/memset.o
  AS      arch/arm64/lib/strchr.o
  AS      arch/arm64/lib/strcmp.o
  AS      arch/arm64/lib/strlen.o
  AS      arch/arm64/lib/strncmp.o
  AS      arch/arm64/lib/strnlen.o
  CC      drivers/base/devcoredump.o
  AS      arch/arm64/lib/strrchr.o
  AS      arch/arm64/lib/tishift.o
  AS      arch/arm64/lib/crc32.o
  AS      arch/arm64/lib/mte.o
  AR      arch/arm64/lib/lib.a
  AR      arch/arm64/lib/built-in.a
  CC      lib/math/div64.o
  CC      lib/math/gcd.o
  CC      lib/math/lcm.o
  CC      lib/math/int_pow.o
  CC      drivers/base/platform-msi.o
  CC      lib/math/int_sqrt.o
  CC      lib/math/reciprocal_div.o
  CC      lib/math/rational.o
  AR      lib/math/built-in.a
  CC      lib/crypto/chacha.o
  CC      drivers/base/arch_topology.o
  CC      lib/crypto/aes.o
  CC      lib/crypto/blake2s.o
  AR      drivers/base/built-in.a
  AR      drivers/misc/eeprom/built-in.a
  AR      drivers/misc/cb710/built-in.a
  AR      drivers/misc/ti-st/built-in.a
  AR      drivers/misc/lis3lv02d/built-in.a
  AR      drivers/misc/cardreader/built-in.a
  CC      drivers/misc/sram.o
  CC      lib/crypto/blake2s-generic.o
  AR      drivers/misc/built-in.a
  CC      drivers/mfd/axp228-mfd.o
  CC      lib/crypto/sha256.o
  CC      drivers/mfd/bd9571mwv.o
  AR      lib/crypto/built-in.a
  CC      lib/zlib_inflate/inffast.o
  CC      lib/zlib_inflate/inflate.o
  CC      drivers/mfd/cros_ec_dev.o
  CC      lib/zlib_inflate/infutil.o
  CC      drivers/mfd/mfd-core.o
  CC      lib/zlib_inflate/inftrees.o
  CC      lib/zlib_inflate/inflate_syms.o
  AR      lib/zlib_inflate/built-in.a
  CC      lib/zlib_deflate/deflate.o
  CC      drivers/mfd/axp20x.o
  CC      drivers/mfd/axp20x-i2c.o
  CC      lib/zlib_deflate/deftree.o
  CC      drivers/mfd/max77620.o
  CC      lib/zlib_deflate/deflate_syms.o
  AR      lib/zlib_deflate/built-in.a
  CC      lib/lzo/lzo1x_compress.o
  CC      drivers/mfd/rk808.o
  CC      lib/lzo/lzo1x_decompress_safe.o
  CC      drivers/mfd/sec-core.o
  AR      lib/lzo/built-in.a
  CC      lib/lz4/lz4_decompress.o
  CC      drivers/mfd/sec-irq.o
  CC      drivers/mfd/syscon.o
  CC      drivers/mfd/hi6421-pmic-core.o
  AR      lib/lz4/built-in.a
  CC      lib/zstd/huf_decompress.o
  CC      drivers/mfd/rohm-bd718x7.o
  AR      drivers/mfd/built-in.a
  AR      drivers/nfc/built-in.a
  CC      drivers/dma-buf/dma-buf.o
  CC      lib/zstd/decompress.o
  CC      drivers/dma-buf/dma-fence.o
  CC      drivers/dma-buf/dma-fence-array.o
  CC      drivers/dma-buf/dma-fence-chain.o
  CC [M]  lib/zstd/entropy_common.o
  CC [M]  lib/zstd/fse_decompress.o
  CC      drivers/dma-buf/dma-resv.o
  CC [M]  lib/zstd/zstd_common.o
  AR      lib/zstd/built-in.a
  CC      lib/xz/xz_dec_syms.o
  CC      lib/xz/xz_dec_stream.o
  CC      drivers/dma-buf/seqno-fence.o
  CC      lib/xz/xz_dec_lzma2.o
  CC      drivers/dma-buf/sync_file.o
  CC      lib/xz/xz_dec_bcj.o
  AR      drivers/dma-buf/built-in.a
  AR      drivers/macintosh/built-in.a
  CC      drivers/scsi/libsas/sas_init.o
  AR      lib/xz/built-in.a
  CC      lib/mpi/generic_mpih-lshift.o
  CC      lib/mpi/generic_mpih-mul1.o
  CC      lib/mpi/generic_mpih-mul2.o
  CC      drivers/scsi/libsas/sas_phy.o
  CC      lib/mpi/generic_mpih-mul3.o
  CC      drivers/scsi/libsas/sas_port.o
  CC      lib/mpi/generic_mpih-rshift.o
  CC      lib/mpi/generic_mpih-sub1.o
  CC      drivers/scsi/libsas/sas_event.o
  CC      lib/mpi/generic_mpih-add1.o
  CC      lib/mpi/ec.o
  CC      drivers/scsi/libsas/sas_discover.o
  CC      drivers/scsi/libsas/sas_expander.o
  CC      lib/mpi/mpicoder.o
  CC      lib/mpi/mpi-add.o
  CC      lib/mpi/mpi-bit.o
  CC      drivers/scsi/libsas/sas_scsi_host.o
  CC      lib/mpi/mpi-cmp.o
  CC      lib/mpi/mpi-sub-ui.o
  CC      lib/mpi/mpi-div.o
  CC      drivers/scsi/libsas/sas_task.o
  CC      lib/mpi/mpi-inv.o
  CC      drivers/scsi/libsas/sas_ata.o
  CC      lib/mpi/mpi-mod.o
  CC      lib/mpi/mpi-mul.o
  CC      drivers/scsi/libsas/sas_host_smp.o
  CC      lib/mpi/mpih-cmp.o
  CC      lib/mpi/mpih-div.o
  AR      drivers/scsi/libsas/built-in.a
  CC      drivers/scsi/megaraid/megaraid_sas_base.o
  CC      lib/mpi/mpih-mul.o
  CC      lib/mpi/mpi-pow.o
  CC      lib/mpi/mpiutil.o
  AR      lib/mpi/built-in.a
  CC      lib/dim/dim.o
  CC      lib/dim/net_dim.o
  CC      lib/dim/rdma_dim.o
  AR      lib/dim/built-in.a
  CC      lib/fonts/fonts.o
  CC      lib/fonts/font_8x8.o
  CC      lib/fonts/font_8x16.o
  CC      drivers/scsi/megaraid/megaraid_sas_fusion.o
  AR      lib/fonts/built-in.a
  CC      lib/argv_split.o
  CC      lib/bug.o
  CC      lib/clz_tab.o
  CC      lib/cmdline.o
  CC      lib/cpumask.o
  CC      lib/ctype.o
  CC      lib/dec_and_lock.o
  CC      lib/decompress.o
  CC      lib/decompress_bunzip2.o
  CC      drivers/scsi/megaraid/megaraid_sas_fp.o
  CC      lib/decompress_inflate.o
  CC      lib/decompress_unlz4.o
  CC      lib/decompress_unlzma.o
  CC      drivers/scsi/megaraid/megaraid_sas_debugfs.o
  CC      lib/decompress_unlzo.o
  AR      drivers/scsi/megaraid/built-in.a
  CC      drivers/scsi/ufs/ufshcd.o
  CC      lib/decompress_unxz.o
  CC      lib/decompress_unzstd.o
  CC      lib/dump_stack.o
  CC      lib/earlycpio.o
  CC      lib/extable.o
  CC      lib/fdt.o
  CC      lib/fdt_addresses.o
  CC      lib/fdt_empty_tree.o
  CC      lib/fdt_ro.o
  CC      lib/fdt_rw.o
  CC      lib/fdt_strerror.o
  CC      lib/fdt_sw.o
  CC      lib/fdt_wip.o
  CC      lib/flex_proportions.o
  CC      lib/idr.o
  CC      lib/irq_regs.o
  CC      lib/is_single_threaded.o
  CC      lib/klist.o
  CC      drivers/scsi/ufs/ufs-sysfs.o
  CC      lib/kobject.o
  CC      lib/kobject_uevent.o
  CC      lib/logic_pio.o
  CC      lib/memcat_p.o
  CC      drivers/scsi/ufs/ufshcd-pltfrm.o
  CC      lib/memneq.o
  CC      lib/nmi_backtrace.o
  AR      drivers/scsi/ufs/built-in.a
  CC      drivers/scsi/hisi_sas/hisi_sas_main.o
  CC      lib/nodemask.o
  CC      lib/plist.o
  CC      lib/radix-tree.o
  CC      lib/ratelimit.o
  CC      lib/rbtree.o
  CC      lib/seq_buf.o
  CC      drivers/scsi/hisi_sas/hisi_sas_v1_hw.o
  CC      lib/sha1.o
  CC      lib/show_mem.o
  CC      lib/siphash.o
  CC      drivers/scsi/hisi_sas/hisi_sas_v2_hw.o
  CC      lib/string.o
  CC      lib/timerqueue.o
  CC      lib/vsprintf.o
  CC      drivers/scsi/hisi_sas/hisi_sas_v3_hw.o
  CC      lib/win_minmax.o
  AR      drivers/scsi/hisi_sas/built-in.a
  CC      drivers/scsi/scsi.o
  CC      lib/xarray.o
  CC      drivers/scsi/hosts.o
  CC      lib/lockref.o
  CC      drivers/scsi/scsi_ioctl.o
  CC      lib/bcd.o
  CC      lib/sort.o
  CC      lib/parser.o
  CC      lib/debug_locks.o
  CC      drivers/scsi/scsicam.o
  CC      lib/random32.o
  CC      lib/bust_spinlocks.o
  CC      drivers/scsi/scsi_error.o
  CC      lib/kasprintf.o
  CC      lib/bitmap.o
  CC      drivers/scsi/scsi_lib.o
  CC      lib/scatterlist.o
  CC      lib/list_sort.o
  CC      lib/uuid.o
  CC      lib/iov_iter.o
  CC      drivers/scsi/scsi_lib_dma.o
  CC      drivers/scsi/scsi_scan.o
  GEN     drivers/scsi/scsi_devinfo_tbl.c
  CC      drivers/scsi/scsi_devinfo.o
  CC      lib/clz_ctz.o
  CC      lib/bsearch.o
  CC      drivers/scsi/scsi_sysctl.o
  CC      lib/find_bit.o
  CC      lib/llist.o
  CC      lib/memweight.o
  CC      drivers/scsi/scsi_debugfs.o
  CC      lib/kfifo.o
  CC      drivers/scsi/scsi_trace.o
  CC      lib/percpu-refcount.o
  CC      drivers/scsi/scsi_logging.o
  CC      lib/rhashtable.o
  CC      drivers/scsi/scsi_pm.o
  CC      drivers/scsi/scsi_common.o
  CC      lib/once.o
  CC      drivers/scsi/scsi_transport_sas.o
  CC      lib/refcount.o
  CC      lib/usercopy.o
  CC      lib/errseq.o
  CC      lib/bucket_locks.o
  CC      lib/generic-radix-tree.o
  CC      drivers/scsi/sd.o
  CC      lib/string_helpers.o
  CC      lib/hexdump.o
  CC      lib/kstrtox.o
  CC      lib/pci_iomap.o
  CC      drivers/scsi/sd_dif.o
  CC      lib/iomap_copy.o
  CC      lib/devres.o
  CC      drivers/scsi/scsi_sysfs.o
  CC      lib/hweight.o
  CC      lib/interval_tree.o
  CC      lib/assoc_array.o
  AR      drivers/scsi/built-in.a
  AR      drivers/nvme/host/built-in.a
  AR      drivers/nvme/target/built-in.a
  AR      drivers/nvme/built-in.a
  CC      drivers/ata/libata-core.o
  CC      lib/bitrev.o
  CC      lib/linear_ranges.o
  CC      lib/crc16.o
  CC      lib/crc-t10dif.o
  CC      lib/crc-itu-t.o
  HOSTCC  lib/gen_crc32table
  CC      lib/crc7.o
  CC      lib/xxhash.o
  CC      lib/genalloc.o
  CC      drivers/ata/libata-scsi.o
  CC      lib/percpu_counter.o
  CC      lib/audit.o
  CC      lib/compat_audit.o
  CC      lib/syscall.o
  CC      lib/errname.o
  CC      lib/nlattr.o
  CC      drivers/ata/libata-eh.o
  CC      lib/checksum.o
  CC      lib/cpu_rmap.o
  CC      lib/dynamic_queue_limits.o
  CC      lib/glob.o
  CC      lib/strncpy_from_user.o
  CC      lib/strnlen_user.o
  CC      drivers/ata/libata-transport.o
  CC      lib/net_utils.o
  CC      lib/sg_pool.o
  CC      drivers/ata/libata-trace.o
  CC      lib/irq_poll.o
  CC      drivers/ata/libata-sata.o
  CC      lib/asn1_decoder.o
  GEN     lib/oid_registry_data.c
  CC      lib/ucs2_string.o
  CC      lib/sbitmap.o
  CC      drivers/ata/libata-sff.o
  AR      lib/lib.a
  GEN     lib/crc32table.h
  CC      lib/oid_registry.o
  CC      lib/crc32.o
  AR      lib/built-in.a
  CC      drivers/mtd/parsers/ofpart.o
  CC      drivers/ata/libata-pmp.o
  AR      drivers/mtd/parsers/built-in.a
  CC      drivers/mtd/chips/chipreg.o
  CC      drivers/mtd/chips/cfi_probe.o
  CC      drivers/ata/libata-acpi.o
  CC      drivers/mtd/chips/cfi_util.o
  CC      drivers/ata/libata-pata-timings.o
  CC      drivers/mtd/chips/cfi_cmdset_0020.o
  CC      drivers/ata/ahci.o
  CC      drivers/mtd/chips/cfi_cmdset_0002.o
  CC      drivers/ata/libahci.o
  CC      drivers/mtd/chips/cfi_cmdset_0001.o
  CC      drivers/ata/ahci_platform.o
  CC      drivers/ata/libahci_platform.o
  CC      drivers/mtd/chips/gen_probe.o
  CC      drivers/ata/sata_sil24.o
  AR      drivers/mtd/chips/built-in.a
  AR      drivers/mtd/lpddr/built-in.a
  CC      drivers/mtd/maps/physmap-core.o
  AR      drivers/mtd/maps/built-in.a
  CC      drivers/mtd/devices/mtd_dataflash.o
  CC      drivers/ata/ahci_ceva.o
  CC      drivers/mtd/devices/sst25l.o
  CC      drivers/ata/ahci_xgene.o
  AR      drivers/mtd/devices/built-in.a
  AR      drivers/mtd/nand/onenand/built-in.a
  AR      drivers/mtd/nand/raw/ingenic/built-in.a
  CC      drivers/mtd/nand/raw/nand_base.o
  CC      drivers/ata/ahci_qoriq.o
  CC      drivers/ata/pata_platform.o
  CC      drivers/ata/pata_of_platform.o
  AR      drivers/ata/built-in.a
  CC      drivers/spi/spi.o
  CC      drivers/mtd/nand/raw/nand_legacy.o
  CC      drivers/mtd/nand/raw/nand_bbt.o
  CC      drivers/mtd/nand/raw/nand_timings.o
  CC      drivers/mtd/nand/raw/nand_ids.o
  CC      drivers/mtd/nand/raw/nand_onfi.o
  CC      drivers/mtd/nand/raw/nand_jedec.o
  CC      drivers/spi/spi-mem.o
  CC      drivers/mtd/nand/raw/nand_amd.o
  CC      drivers/mtd/nand/raw/nand_esmt.o
  CC      drivers/spi/spi-cadence-quadspi.o
  CC      drivers/mtd/nand/raw/nand_hynix.o
  CC      drivers/mtd/nand/raw/nand_macronix.o
  AR      drivers/spi/built-in.a
  AR      drivers/mtd/tests/built-in.a
  CC      drivers/spmi/spmi.o
  CC      drivers/mtd/nand/raw/nand_micron.o
  CC      drivers/mtd/nand/raw/nand_samsung.o
  CC      drivers/mtd/nand/raw/nand_toshiba.o
  AR      drivers/spmi/built-in.a
  CC      drivers/mtd/nand/raw/nand_ecc.o
  CC      drivers/mtd/nand/raw/denali.o
  CC      drivers/mtd/nand/raw/denali_dt.o
  AR      drivers/mtd/spi-nor/controllers/built-in.a
  CC      drivers/mtd/spi-nor/core.o
  AR      drivers/mtd/nand/raw/built-in.a
  AR      drivers/mtd/nand/spi/built-in.a
  CC      drivers/mtd/nand/core.o
  CC      drivers/mtd/nand/bbt.o
  CC      drivers/mtd/nand/ecc.o
  CC      drivers/mtd/spi-nor/sfdp.o
  AR      drivers/mtd/nand/built-in.a
  CC      drivers/mtd/mtdcore.o
  CC      drivers/mtd/spi-nor/atmel.o
  CC      drivers/mtd/spi-nor/catalyst.o
  CC      drivers/mtd/mtdsuper.o
  CC      drivers/mtd/spi-nor/eon.o
  CC      drivers/mtd/spi-nor/esmt.o
  CC      drivers/mtd/mtdconcat.o
  CC      drivers/mtd/spi-nor/everspin.o
  CC      drivers/mtd/spi-nor/fujitsu.o
  CC      drivers/mtd/mtdpart.o
  CC      drivers/mtd/spi-nor/gigadevice.o
  CC      drivers/mtd/mtdchar.o
  CC      drivers/mtd/spi-nor/intel.o
  CC      drivers/mtd/spi-nor/issi.o
  CC      drivers/mtd/mtd_blkdevs.o
  CC      drivers/mtd/spi-nor/macronix.o
  CC      drivers/mtd/spi-nor/micron-st.o
  CC      drivers/mtd/mtdblock.o
  CC      drivers/mtd/spi-nor/spansion.o
  CC      drivers/net/phy/mscc/mscc_main.o
  CC      drivers/mtd/spi-nor/sst.o
  CC      drivers/mtd/spi-nor/winbond.o
  CC      drivers/mtd/spi-nor/xilinx.o
  AR      drivers/net/phy/mscc/built-in.a
  CC      drivers/net/phy/mdio-boardinfo.o
  CC      drivers/mtd/spi-nor/xmc.o
  CC      drivers/net/phy/mdio_devres.o
  AR      drivers/mtd/spi-nor/built-in.a
  AR      drivers/mtd/built-in.a
  AR      drivers/firewire/built-in.a
  CC      drivers/vfio/pci/vfio_pci.o
  CC      drivers/net/phy/phylink.o
  CC      drivers/vfio/pci/vfio_pci_intrs.o
  CC      drivers/net/phy/phy.o
  CC      drivers/vfio/pci/vfio_pci_rdwr.o
  CC      drivers/vfio/pci/vfio_pci_config.o
  CC      drivers/net/phy/phy-c45.o
  CC      drivers/net/phy/phy-core.o
  AR      drivers/vfio/pci/built-in.a
  CC      drivers/vfio/vfio.o
  CC      drivers/net/phy/phy_device.o
  CC      drivers/vfio/virqfd.o
  CC      drivers/vfio/vfio_iommu_type1.o
  CC      drivers/net/phy/linkmode.o
  CC      drivers/net/phy/mdio_bus.o
  CC      drivers/net/phy/mdio_device.o
  AR      drivers/vfio/built-in.a
  AR      drivers/cdrom/built-in.a
  CC      drivers/net/phy/swphy.o
  AR      drivers/auxdisplay/built-in.a
  CC      drivers/net/phy/aquantia_main.o
  CC      drivers/usb/common/common.o
  CC      drivers/net/phy/aquantia_hwmon.o
  CC      drivers/usb/common/ulpi.o
  CC      drivers/net/phy/at803x.o
  AR      drivers/usb/common/built-in.a
  CC      drivers/usb/core/usb.o
  CC      drivers/net/phy/fixed_phy.o
  CC      drivers/usb/core/hub.o
  CC      drivers/net/phy/micrel.o
  CC      drivers/net/phy/rockchip.o
  CC      drivers/net/phy/vitesse.o
  AR      drivers/net/phy/built-in.a
  CC      drivers/net/mdio/of_mdio.o
  CC      drivers/usb/core/hcd.o
  CC      drivers/net/mdio/mdio-cavium.o
  CC      drivers/net/mdio/mdio-thunder.o
  CC      drivers/net/mdio/mdio-mux.o
  CC      drivers/usb/core/urb.o
  CC      drivers/net/mdio/mdio-mux-mmioreg.o
  CC      drivers/usb/core/message.o
  CC      drivers/net/mdio/mdio-mux-multiplexer.o
  AR      drivers/net/mdio/built-in.a
  AR      drivers/net/pcs/built-in.a
  AR      drivers/net/dsa/b53/built-in.a
  AR      drivers/net/dsa/microchip/built-in.a
  AR      drivers/net/dsa/mv88e6xxx/built-in.a
  AR      drivers/net/dsa/ocelot/built-in.a
  AR      drivers/net/dsa/qca/built-in.a
  AR      drivers/net/dsa/sja1105/built-in.a
  AR      drivers/net/dsa/built-in.a
  AR      drivers/net/ethernet/3com/built-in.a
  AR      drivers/net/ethernet/8390/built-in.a
  AR      drivers/net/ethernet/adaptec/built-in.a
  AR      drivers/net/ethernet/agere/built-in.a
  AR      drivers/net/ethernet/alacritech/built-in.a
  AR      drivers/net/ethernet/alteon/built-in.a
  AR      drivers/net/ethernet/amazon/built-in.a
  CC      drivers/net/ethernet/amd/xgbe/xgbe-main.o
  CC      drivers/usb/core/driver.o
  CC      drivers/net/ethernet/amd/xgbe/xgbe-drv.o
  CC      drivers/usb/core/config.o
  CC      drivers/usb/core/file.o
  CC      drivers/net/ethernet/amd/xgbe/xgbe-dev.o
  CC      drivers/usb/core/buffer.o
  CC      drivers/usb/core/sysfs.o
  CC      drivers/usb/core/endpoint.o
  CC      drivers/net/ethernet/amd/xgbe/xgbe-desc.o
  CC      drivers/usb/core/devio.o
  CC      drivers/net/ethernet/amd/xgbe/xgbe-ethtool.o
  CC      drivers/net/ethernet/amd/xgbe/xgbe-mdio.o
  CC      drivers/usb/core/notify.o
  CC      drivers/net/ethernet/amd/xgbe/xgbe-ptp.o
  CC      drivers/usb/core/generic.o
  CC      drivers/net/ethernet/amd/xgbe/xgbe-i2c.o
  CC      drivers/usb/core/quirks.o
  CC      drivers/net/ethernet/amd/xgbe/xgbe-phy-v1.o
  CC      drivers/usb/core/devices.o
  CC      drivers/usb/core/phy.o
  CC      drivers/net/ethernet/amd/xgbe/xgbe-phy-v2.o
  CC      drivers/usb/core/port.o
  CC      drivers/usb/core/of.o
  CC      drivers/net/ethernet/amd/xgbe/xgbe-platform.o
  CC      drivers/usb/core/hcd-pci.o
  CC      drivers/net/ethernet/amd/xgbe/xgbe-pci.o
  CC      drivers/usb/core/usb-acpi.o
  CC      drivers/net/ethernet/amd/xgbe/xgbe-debugfs.o
  AR      drivers/usb/core/built-in.a
  CC      drivers/usb/phy/phy.o
  CC      drivers/usb/phy/of.o
  AR      drivers/net/ethernet/amd/xgbe/built-in.a
  AR      drivers/net/ethernet/amd/built-in.a
  AR      drivers/net/ethernet/aquantia/built-in.a
  AR      drivers/net/ethernet/arc/built-in.a
  AR      drivers/net/ethernet/atheros/built-in.a
  AR      drivers/net/ethernet/aurora/built-in.a
  CC      drivers/net/ethernet/cadence/macb_main.o
  CC      drivers/usb/phy/phy-generic.o
  AR      drivers/usb/phy/built-in.a
  CC      drivers/usb/dwc3/core.o
  CC      drivers/usb/dwc3/host.o
  CC      drivers/net/ethernet/cadence/macb_ptp.o
  CC      drivers/usb/dwc3/gadget.o
  AR      drivers/net/ethernet/cadence/built-in.a
  AR      drivers/net/ethernet/broadcom/built-in.a
  AR      drivers/net/ethernet/brocade/built-in.a
  AR      drivers/net/ethernet/cavium/common/built-in.a
  CC      drivers/net/ethernet/cavium/thunder/thunder_xcv.o
  CC      drivers/net/ethernet/cavium/thunder/thunder_bgx.o
  CC      drivers/usb/dwc3/ep0.o
  CC      drivers/net/ethernet/cavium/thunder/nic_main.o
  CC      drivers/usb/dwc3/drd.o
  AR      drivers/net/ethernet/cavium/thunder/built-in.a
  AR      drivers/net/ethernet/cavium/liquidio/built-in.a
  AR      drivers/net/ethernet/cavium/octeon/built-in.a
  AR      drivers/net/ethernet/cavium/built-in.a
  AR      drivers/net/ethernet/chelsio/built-in.a
  AR      drivers/net/ethernet/cisco/built-in.a
  AR      drivers/net/ethernet/cortina/built-in.a
  AR      drivers/net/ethernet/dec/built-in.a
  AR      drivers/net/ethernet/dlink/built-in.a
  AR      drivers/net/ethernet/emulex/built-in.a
  AR      drivers/net/ethernet/ezchip/built-in.a
  AR      drivers/net/ethernet/google/built-in.a
  CC      drivers/net/ethernet/hisilicon/hns/hnae.o
  CC      drivers/usb/dwc3/debugfs.o
  CC      drivers/net/ethernet/hisilicon/hns/hns_ae_adapt.o
  CC      drivers/usb/dwc3/dwc3-pci.o
  CC      drivers/net/ethernet/hisilicon/hns/hns_dsaf_gmac.o
  CC      drivers/usb/dwc3/dwc3-haps.o
  CC      drivers/usb/dwc3/dwc3-of-simple.o
  CC      drivers/net/ethernet/hisilicon/hns/hns_dsaf_mac.o
  AR      drivers/usb/dwc3/built-in.a
  CC      drivers/usb/dwc2/core.o
  CC      drivers/net/ethernet/hisilicon/hns/hns_dsaf_misc.o
  CC      drivers/usb/dwc2/core_intr.o
  CC      drivers/net/ethernet/hisilicon/hns/hns_dsaf_main.o
  CC      drivers/usb/dwc2/platform.o
  CC      drivers/usb/dwc2/drd.o
  CC      drivers/usb/dwc2/params.o
  CC      drivers/net/ethernet/hisilicon/hns/hns_dsaf_ppe.o
  CC      drivers/usb/dwc2/hcd.o
  CC      drivers/net/ethernet/hisilicon/hns/hns_dsaf_rcb.o
  CC      drivers/net/ethernet/hisilicon/hns/hns_dsaf_xgmac.o
  CC      drivers/net/ethernet/hisilicon/hns/hns_enet.o
  CC      drivers/usb/dwc2/hcd_intr.o
  CC      drivers/usb/dwc2/hcd_queue.o
  CC      drivers/net/ethernet/hisilicon/hns/hns_ethtool.o
  CC      drivers/usb/dwc2/hcd_ddma.o
  AR      drivers/net/ethernet/hisilicon/hns/built-in.a
  CC      drivers/net/ethernet/hisilicon/hns3/hns3pf/hclge_main.o
  CC      drivers/usb/dwc2/gadget.o
  CC      drivers/usb/dwc2/debugfs.o
  AR      drivers/usb/dwc2/built-in.a
  CC      drivers/usb/isp1760/isp1760-core.o
  CC      drivers/usb/isp1760/isp1760-if.o
  CC      drivers/usb/isp1760/isp1760-hcd.o
  CC      drivers/net/ethernet/hisilicon/hns3/hns3pf/hclge_cmd.o
  CC      drivers/usb/isp1760/isp1760-udc.o
  CC      drivers/net/ethernet/hisilicon/hns3/hns3pf/hclge_mdio.o
  AR      drivers/usb/isp1760/built-in.a
  CC      drivers/usb/host/pci-quirks.o
  CC      drivers/net/ethernet/hisilicon/hns3/hns3pf/hclge_tm.o
  CC      drivers/usb/host/ehci-hcd.o
  CC      drivers/net/ethernet/hisilicon/hns3/hns3pf/hclge_mbx.o
  CC      drivers/net/ethernet/hisilicon/hns3/hns3pf/hclge_err.o
  CC      drivers/net/ethernet/hisilicon/hns3/hns3pf/hclge_debugfs.o
  CC      drivers/usb/host/ehci-pci.o
  CC      drivers/usb/host/ehci-platform.o
  AR      drivers/net/ethernet/hisilicon/hns3/hns3pf/built-in.a
  AR      drivers/net/ethernet/hisilicon/hns3/hns3vf/built-in.a
  CC      drivers/net/ethernet/hisilicon/hns3/hnae3.o
  CC      drivers/usb/host/ohci-hcd.o
  CC      drivers/net/ethernet/hisilicon/hns3/hns3_enet.o
  CC      drivers/usb/host/ohci-pci.o
  CC      drivers/usb/host/ohci-platform.o
  CC      drivers/usb/host/xhci.o
  CC      drivers/net/ethernet/hisilicon/hns3/hns3_ethtool.o
  CC      drivers/net/ethernet/hisilicon/hns3/hns3_debugfs.o
  AR      drivers/net/ethernet/hisilicon/hns3/built-in.a
  CC      drivers/net/ethernet/hisilicon/hix5hd2_gmac.o
  CC      drivers/usb/host/xhci-mem.o
  CC      drivers/net/ethernet/hisilicon/hns_mdio.o
  AR      drivers/net/ethernet/hisilicon/built-in.a
  AR      drivers/net/ethernet/huawei/built-in.a
  CC      drivers/net/ethernet/intel/e1000/e1000_main.o
  CC      drivers/usb/host/xhci-ext-caps.o
  CC      drivers/usb/host/xhci-ring.o
  CC      drivers/net/ethernet/intel/e1000/e1000_hw.o
  CC      drivers/usb/host/xhci-hub.o
  CC      drivers/usb/host/xhci-dbg.o
  CC      drivers/usb/host/xhci-trace.o
  CC      drivers/net/ethernet/intel/e1000/e1000_ethtool.o
  CC      drivers/usb/host/xhci-debugfs.o
  CC      drivers/net/ethernet/intel/e1000/e1000_param.o
  CC      drivers/usb/host/xhci-pci.o
  AR      drivers/net/ethernet/intel/e1000/built-in.a
  CC      drivers/net/ethernet/intel/e1000e/82571.o
  CC      drivers/usb/host/xhci-plat.o
  CC      drivers/net/ethernet/intel/e1000e/ich8lan.o
  AR      drivers/usb/host/built-in.a
  CC      drivers/usb/storage/scsiglue.o
  CC      drivers/usb/storage/protocol.o
  CC      drivers/usb/storage/transport.o
  CC      drivers/net/ethernet/intel/e1000e/80003es2lan.o
  CC      drivers/usb/storage/usb.o
  CC      drivers/net/ethernet/intel/e1000e/mac.o
  CC      drivers/usb/storage/initializers.o
  CC      drivers/usb/storage/sierra_ms.o
  CC      drivers/net/ethernet/intel/e1000e/manage.o
  CC      drivers/usb/storage/option_ms.o
  CC      drivers/net/ethernet/intel/e1000e/nvm.o
  CC      drivers/usb/storage/usual-tables.o
  AR      drivers/usb/storage/built-in.a
  CC      drivers/usb/misc/usb3503.o
  CC      drivers/net/ethernet/intel/e1000e/phy.o
  AR      drivers/usb/misc/built-in.a
  CC      drivers/usb/musb/musb_core.o
  CC      drivers/net/ethernet/intel/e1000e/param.o
  CC      drivers/usb/musb/musb_trace.o
  CC      drivers/net/ethernet/intel/e1000e/ethtool.o
  CC      drivers/usb/musb/musb_virthub.o
  CC      drivers/net/ethernet/intel/e1000e/netdev.o
  CC      drivers/usb/musb/musb_host.o
  CC      drivers/usb/musb/musb_gadget_ep0.o
  CC      drivers/usb/musb/musb_gadget.o
  CC      drivers/usb/musb/musb_debugfs.o
  CC      drivers/net/ethernet/intel/e1000e/ptp.o
  AR      drivers/usb/musb/built-in.a
  CC      drivers/usb/chipidea/core.o
  AR      drivers/net/ethernet/intel/e1000e/built-in.a
  CC      drivers/net/ethernet/intel/igb/igb_main.o
  CC      drivers/usb/chipidea/otg.o
  CC      drivers/usb/chipidea/debug.o
  CC      drivers/usb/chipidea/ulpi.o
  CC      drivers/usb/chipidea/udc.o
  CC      drivers/usb/chipidea/host.o
  CC      drivers/usb/chipidea/ci_hdrc_usb2.o
  CC      drivers/net/ethernet/intel/igb/igb_ethtool.o
  CC      drivers/usb/chipidea/ci_hdrc_msm.o
  CC      drivers/usb/chipidea/ci_hdrc_pci.o
  CC      drivers/usb/chipidea/ci_hdrc_imx.o
  CC      drivers/net/ethernet/intel/igb/e1000_82575.o
  CC      drivers/usb/chipidea/usbmisc_imx.o
  CC      drivers/usb/chipidea/ci_hdrc_tegra.o
  CC      drivers/net/ethernet/intel/igb/e1000_mac.o
  AR      drivers/usb/chipidea/built-in.a
  CC      drivers/usb/gadget/udc/core.o
  CC      drivers/net/ethernet/intel/igb/e1000_nvm.o
  CC      drivers/usb/gadget/udc/trace.o
  CC      drivers/net/ethernet/intel/igb/e1000_phy.o
  AR      drivers/usb/gadget/udc/built-in.a
  AR      drivers/usb/gadget/function/built-in.a
  AR      drivers/usb/gadget/legacy/built-in.a
  AR      drivers/usb/gadget/built-in.a
  CC      drivers/usb/roles/class.o
  CC      drivers/net/ethernet/intel/igb/e1000_mbx.o
  AR      drivers/usb/roles/built-in.a
  AR      drivers/usb/built-in.a
  CC      drivers/input/serio/serio.o
  CC      drivers/net/ethernet/intel/igb/e1000_i210.o
  CC      drivers/input/serio/ambakmi.o
  CC      drivers/net/ethernet/intel/igb/igb_ptp.o
  CC      drivers/input/serio/libps2.o
  AR      drivers/input/serio/built-in.a
  CC      drivers/net/ethernet/intel/igbvf/vf.o
  CC      drivers/net/ethernet/intel/igb/igb_hwmon.o
  CC      drivers/net/ethernet/intel/igbvf/mbx.o
  CC      drivers/net/ethernet/intel/igbvf/ethtool.o
  AR      drivers/net/ethernet/intel/igb/built-in.a
  AR      drivers/net/ethernet/i825xx/built-in.a
  AR      drivers/net/ethernet/marvell/octeontx2/built-in.a
  AR      drivers/net/ethernet/marvell/prestera/built-in.a
  CC      drivers/net/ethernet/marvell/sky2.o
  CC      drivers/net/ethernet/intel/igbvf/netdev.o
  AR      drivers/net/ethernet/intel/igbvf/built-in.a
  AR      drivers/net/ethernet/intel/built-in.a
  AR      drivers/net/ethernet/mellanox/built-in.a
  AR      drivers/net/ethernet/micrel/built-in.a
  AR      drivers/net/ethernet/microchip/built-in.a
  AR      drivers/net/ethernet/mscc/built-in.a
  AR      drivers/net/ethernet/myricom/built-in.a
  AR      drivers/net/ethernet/natsemi/built-in.a
  AR      drivers/net/ethernet/neterion/built-in.a
  AR      drivers/net/ethernet/netronome/built-in.a
  AR      drivers/net/ethernet/ni/built-in.a
  AR      drivers/net/ethernet/nvidia/built-in.a
  AR      drivers/net/ethernet/oki-semi/built-in.a
  AR      drivers/net/ethernet/packetengines/built-in.a
  AR      drivers/net/ethernet/qlogic/built-in.a
  AR      drivers/net/ethernet/qualcomm/emac/built-in.a
  AR      drivers/net/ethernet/qualcomm/built-in.a
  AR      drivers/net/ethernet/realtek/built-in.a
  AR      drivers/net/ethernet/renesas/built-in.a
  AR      drivers/net/ethernet/rdc/built-in.a
  AR      drivers/net/ethernet/rocker/built-in.a
  AR      drivers/net/ethernet/samsung/built-in.a
  AR      drivers/net/ethernet/seeq/built-in.a
  AR      drivers/net/ethernet/silan/built-in.a
  AR      drivers/net/ethernet/sis/built-in.a
  AR      drivers/net/ethernet/sfc/built-in.a
  CC      drivers/net/ethernet/smsc/smc91x.o
  AR      drivers/net/ethernet/marvell/built-in.a
  AR      drivers/net/ethernet/socionext/built-in.a
  AR      drivers/net/ethernet/stmicro/built-in.a
  AR      drivers/net/ethernet/sun/built-in.a
  AR      drivers/net/ethernet/tehuti/built-in.a
  AR      drivers/net/ethernet/ti/built-in.a
  AR      drivers/net/ethernet/via/built-in.a
  AR      drivers/net/ethernet/wiznet/built-in.a
  AR      drivers/net/ethernet/xilinx/built-in.a
  AR      drivers/net/ethernet/synopsys/built-in.a
  AR      drivers/net/ethernet/pensando/built-in.a
  CC      drivers/input/keyboard/atkbd.o
  CC      drivers/input/keyboard/cros_ec_keyb.o
  CC      drivers/net/ethernet/smsc/smsc911x.o
  CC      drivers/input/keyboard/gpio_keys.o
  AR      drivers/input/keyboard/built-in.a
  CC      drivers/input/mouse/psmouse-base.o
  AR      drivers/net/ethernet/smsc/built-in.a
  AR      drivers/net/ethernet/built-in.a
  AR      drivers/net/wireless/admtek/built-in.a
  AR      drivers/net/wireless/ath/built-in.a
  AR      drivers/net/wireless/atmel/built-in.a
  AR      drivers/net/wireless/broadcom/built-in.a
  AR      drivers/net/wireless/cisco/built-in.a
  AR      drivers/net/wireless/intel/built-in.a
  AR      drivers/net/wireless/intersil/built-in.a
  AR      drivers/net/wireless/marvell/built-in.a
  AR      drivers/net/wireless/mediatek/built-in.a
  AR      drivers/net/wireless/microchip/built-in.a
  AR      drivers/net/wireless/ralink/built-in.a
  AR      drivers/net/wireless/realtek/built-in.a
  AR      drivers/net/wireless/rsi/built-in.a
  AR      drivers/net/wireless/st/built-in.a
  CC      drivers/net/wireless/ti/wilink_platform_data.o
  CC      drivers/input/mouse/synaptics.o
  AR      drivers/net/wireless/ti/built-in.a
  AR      drivers/net/wireless/zydas/built-in.a
  AR      drivers/net/wireless/quantenna/built-in.a
  AR      drivers/net/wireless/built-in.a
  AR      drivers/net/usb/built-in.a
  CC      drivers/net/mii.o
  CC      drivers/net/Space.o
  CC      drivers/input/mouse/focaltech.o
  CC      drivers/net/loopback.o
  CC      drivers/input/mouse/alps.o
  CC      drivers/net/tun.o
  CC      drivers/input/mouse/byd.o
  CC      drivers/input/mouse/logips2pp.o
  CC      drivers/input/mouse/trackpoint.o
  CC      drivers/input/mouse/cypress_ps2.o
  CC      drivers/input/mouse/psmouse-smbus.o
  CC      drivers/net/virtio_net.o
  AR      drivers/input/mouse/built-in.a
  CC      drivers/input/touchscreen/of_touchscreen.o
  CC      drivers/input/touchscreen/onewire.o
  AR      drivers/input/touchscreen/built-in.a
  CC      drivers/input/misc/xen-kbdfront.o
  AR      drivers/input/misc/built-in.a
  CC      drivers/input/input.o
  CC      drivers/net/xen-netfront.o
  CC      drivers/input/input-compat.o
  CC      drivers/input/input-mt.o
  CC      drivers/input/input-poller.o
  CC      drivers/input/ff-core.o
  CC      drivers/net/net_failover.o
  CC      drivers/input/ff-memless.o
  CC      drivers/input/matrix-keymap.o
  AR      drivers/net/built-in.a
  CC      drivers/rtc/lib.o
  CC      drivers/input/input-leds.o
  CC      drivers/rtc/systohc.o
  CC      drivers/rtc/class.o
  CC      drivers/input/evdev.o
  CC      drivers/rtc/interface.o
  AR      drivers/input/built-in.a
  CC      drivers/i2c/algos/i2c-algo-bit.o
  AR      drivers/i2c/algos/built-in.a
  CC      drivers/i2c/busses/i2c-designware-common.o
  CC      drivers/rtc/nvmem.o
  CC      drivers/rtc/dev.o
  CC      drivers/i2c/busses/i2c-designware-master.o
  CC      drivers/rtc/proc.o
  CC      drivers/i2c/busses/i2c-designware-platdrv.o
  CC      drivers/rtc/sysfs.o
  CC      drivers/rtc/rtc-nx.o
  CC      drivers/i2c/busses/i2c-s3c2410.o
  AR      drivers/rtc/built-in.a
  CC      drivers/i2c/busses/i2c-cros-ec-tunnel.o
  AR      drivers/i3c/built-in.a
  AR      drivers/media/i2c/built-in.a
  AR      drivers/media/tuners/built-in.a
  AR      drivers/media/rc/keymaps/built-in.a
  AR      drivers/media/rc/built-in.a
  AR      drivers/media/common/b2c2/built-in.a
  AR      drivers/media/common/saa7146/built-in.a
  AR      drivers/media/common/siano/built-in.a
  AR      drivers/media/common/v4l2-tpg/built-in.a
  AR      drivers/media/common/videobuf2/built-in.a
  AR      drivers/media/common/built-in.a
  AR      drivers/media/platform/ti-vpe/built-in.a
  AR      drivers/media/platform/stm32/built-in.a
  AR      drivers/media/platform/davinci/built-in.a
  AR      drivers/media/platform/omap/built-in.a
  AR      drivers/media/platform/sunxi/sun4i-csi/built-in.a
  AR      drivers/i2c/busses/built-in.a
  AR      drivers/media/platform/sunxi/sun6i-csi/built-in.a
  CC      drivers/i2c/muxes/i2c-mux-pca954x.o
  AR      drivers/media/platform/sunxi/sun8i-di/built-in.a
  AR      drivers/media/platform/sunxi/sun8i-rotate/built-in.a
  AR      drivers/media/platform/sunxi/built-in.a
  AR      drivers/media/platform/built-in.a
  AR      drivers/media/pci/ttpci/built-in.a
  AR      drivers/media/pci/b2c2/built-in.a
  AR      drivers/media/pci/pluto2/built-in.a
  AR      drivers/media/pci/dm1105/built-in.a
  AR      drivers/media/pci/pt1/built-in.a
  AR      drivers/media/pci/pt3/built-in.a
  AR      drivers/media/pci/mantis/built-in.a
  AR      drivers/media/pci/ngene/built-in.a
  AR      drivers/media/pci/ddbridge/built-in.a
  AR      drivers/media/pci/saa7146/built-in.a
  AR      drivers/media/pci/smipcie/built-in.a
  AR      drivers/media/pci/netup_unidvb/built-in.a
  AR      drivers/media/pci/intel/ipu3/built-in.a
  AR      drivers/media/pci/intel/built-in.a
  AR      drivers/media/pci/built-in.a
  AR      drivers/media/usb/ttusb-dec/built-in.a
  AR      drivers/media/usb/ttusb-budget/built-in.a
  AR      drivers/media/usb/dvb-usb/built-in.a
  AR      drivers/media/usb/dvb-usb-v2/built-in.a
  AR      drivers/media/usb/siano/built-in.a
  AR      drivers/media/usb/b2c2/built-in.a
  AR      drivers/media/usb/zr364xx/built-in.a
  AR      drivers/media/usb/stkwebcam/built-in.a
  AR      drivers/media/usb/s2255/built-in.a
  AR      drivers/media/usb/built-in.a
  AR      drivers/media/mmc/siano/built-in.a
  AR      drivers/media/mmc/built-in.a
  AR      drivers/media/firewire/built-in.a
  AR      drivers/media/spi/built-in.a
  AR      drivers/media/test-drivers/built-in.a
  AR      drivers/media/built-in.a
  AR      drivers/pps/clients/built-in.a
  AR      drivers/pps/generators/built-in.a
  CC      drivers/pps/pps.o
  AR      drivers/i2c/muxes/built-in.a
  CC      drivers/i2c/i2c-boardinfo.o
  CC      drivers/pps/kapi.o
  CC      drivers/i2c/i2c-core-base.o
  CC      drivers/pps/sysfs.o
  AR      drivers/pps/built-in.a
  CC      drivers/ptp/ptp_clock.o
  CC      drivers/ptp/ptp_chardev.o
  CC      drivers/i2c/i2c-core-smbus.o
  CC      drivers/ptp/ptp_sysfs.o
  AR      drivers/ptp/built-in.a
  CC      drivers/power/reset/xgene-reboot.o
  CC      drivers/power/reset/syscon-reboot.o
  CC      drivers/i2c/i2c-core-acpi.o
  CC      drivers/power/reset/reboot-mode.o
  CC      drivers/power/reset/syscon-reboot-mode.o
  CC      drivers/i2c/i2c-core-of.o
  AR      drivers/power/reset/built-in.a
  CC      drivers/power/supply/power_supply_core.o
  CC      drivers/i2c/i2c-dev.o
  CC      drivers/power/supply/power_supply_sysfs.o
  CC      drivers/i2c/i2c-mux.o
  CC      drivers/power/supply/power_supply_leds.o
  CC      drivers/power/supply/power_supply_hwmon.o
  AR      drivers/i2c/built-in.a
  CC      drivers/hwmon/hwmon.o
  CC      drivers/power/supply/bq27xxx_battery.o
  CC      drivers/power/supply/bq27xxx_battery_i2c.o
  CC      drivers/hwmon/scpi-hwmon.o
  AR      drivers/power/supply/built-in.a
  AR      drivers/power/built-in.a
  AR      drivers/thermal/broadcom/built-in.a
  AR      drivers/hwmon/built-in.a
  CC      drivers/thermal/samsung/exynos_tmu.o
  CC      drivers/watchdog/watchdog_core.o
  CC      drivers/watchdog/watchdog_dev.o
  AR      drivers/thermal/samsung/built-in.a
  AR      drivers/thermal/intel/built-in.a
  AR      drivers/thermal/st/built-in.a
  AR      drivers/thermal/tegra/built-in.a
  CC      drivers/thermal/thermal_core.o
  CC      drivers/watchdog/sp805_wdt.o
  CC      drivers/watchdog/dw_wdt.o
  CC      drivers/watchdog/arm_smc_wdt.o
  CC      drivers/thermal/thermal_sysfs.o
  AR      drivers/watchdog/built-in.a
  CC      drivers/md/dm-builtin.o
  CC      drivers/thermal/thermal_helpers.o
  AR      drivers/md/built-in.a
  CC      drivers/edac/edac_mc.o
  CC      drivers/thermal/thermal_hwmon.o
  CC      drivers/thermal/thermal_of.o
  CC      drivers/edac/edac_device.o
  CC      drivers/thermal/gov_step_wise.o
  CC      drivers/thermal/gov_power_allocator.o
  CC      drivers/edac/edac_mc_sysfs.o
  CC      drivers/edac/edac_module.o
  CC      drivers/thermal/cpufreq_cooling.o
  CC      drivers/edac/edac_device_sysfs.o
  AR      drivers/thermal/built-in.a
  CC      drivers/opp/core.o
  CC      drivers/edac/wq.o
  CC      drivers/edac/edac_pci.o
  CC      drivers/edac/edac_pci_sysfs.o
  CC      drivers/opp/cpu.o
  CC      drivers/opp/of.o
  CC      drivers/edac/ghes_edac.o
  CC      drivers/opp/debugfs.o
  AR      drivers/edac/built-in.a
  CC      drivers/cpufreq/cpufreq.o
  AR      drivers/opp/built-in.a
  CC      drivers/cpuidle/governors/menu.o
  AR      drivers/cpuidle/governors/built-in.a
  CC      drivers/cpuidle/cpuidle.o
  CC      drivers/cpuidle/driver.o
  CC      drivers/cpufreq/freq_table.o
  CC      drivers/cpuidle/governor.o
  CC      drivers/cpufreq/cpufreq_stats.o
  CC      drivers/cpuidle/sysfs.o
  CC      drivers/cpufreq/cpufreq_performance.o
  CC      drivers/cpuidle/dt_idle_states.o
  CC      drivers/cpufreq/cpufreq_userspace.o
  CC      drivers/cpuidle/cpuidle-nexell.o
  CC      drivers/cpufreq/cpufreq_ondemand.o
  AR      drivers/cpuidle/built-in.a
  CC      drivers/mmc/core/core.o
  CC      drivers/cpufreq/cpufreq_governor.o
  CC      drivers/cpufreq/cpufreq_governor_attr_set.o
  CC      drivers/cpufreq/cpufreq-dt.o
  CC      drivers/mmc/core/bus.o
  CC      drivers/cpufreq/cpufreq-dt-platdev.o
  CC      drivers/mmc/core/host.o
  CC      drivers/cpufreq/scpi-cpufreq.o
  CC      drivers/cpufreq/nexell-cpufreq.o
  CC      drivers/mmc/core/mmc.o
  AR      drivers/cpufreq/built-in.a
  CC      drivers/leds/trigger/ledtrig-timer.o
  CC      drivers/mmc/core/mmc_ops.o
  CC      drivers/leds/trigger/ledtrig-disk.o
  CC      drivers/leds/trigger/ledtrig-heartbeat.o
  CC      drivers/mmc/core/sd.o
  CC      drivers/leds/trigger/ledtrig-cpu.o
  CC      drivers/leds/trigger/ledtrig-default-on.o
  CC      drivers/leds/trigger/ledtrig-panic.o
  CC      drivers/mmc/core/sd_ops.o
  AR      drivers/leds/trigger/built-in.a
  CC      drivers/leds/led-core.o
  CC      drivers/mmc/core/sdio.o
  CC      drivers/leds/led-class.o
  CC      drivers/mmc/core/sdio_ops.o
  CC      drivers/leds/led-triggers.o
  CC      drivers/mmc/core/sdio_bus.o
  CC      drivers/leds/leds-gpio.o
  CC      drivers/mmc/core/sdio_cis.o
  CC      drivers/leds/leds-pwm.o
  CC      drivers/mmc/core/sdio_io.o
  CC      drivers/leds/leds-syscon.o
  AR      drivers/leds/built-in.a
  CC      drivers/mmc/host/mmci.o
  CC      drivers/mmc/core/sdio_irq.o
  CC      drivers/mmc/core/slot-gpio.o
  CC      drivers/mmc/core/regulator.o
  CC      drivers/mmc/host/mmci_stm32_sdmmc.o
  CC      drivers/mmc/core/pwrseq.o
  CC      drivers/mmc/core/debugfs.o
  CC      drivers/mmc/host/sdhci.o
  CC      drivers/mmc/core/pwrseq_simple.o
  CC      drivers/mmc/core/pwrseq_emmc.o
  CC      drivers/mmc/core/block.o
  CC      drivers/mmc/host/sdhci-acpi.o
  CC      drivers/mmc/core/queue.o
  CC      drivers/mmc/host/sdhci_f_sdh30.o
  AR      drivers/mmc/core/built-in.a
  CC      drivers/mmc/host/mmc_spi.o
  CC      drivers/mmc/host/of_mmc_spi.o
  CC      drivers/mmc/host/dw_mmc.o
  CC      drivers/mmc/host/dw_mmc-pltfm.o
  AR      drivers/firmware/arm_scmi/built-in.a
  AR      drivers/firmware/broadcom/built-in.a
  AR      drivers/firmware/meson/built-in.a
  CC      drivers/firmware/efi/libstub/efi-stub-helper.o
  CC      drivers/firmware/efi/libstub/gop.o
  CC      drivers/mmc/host/dw_mmc-exynos.o
  CC      drivers/firmware/efi/libstub/secureboot.o
  CC      drivers/firmware/efi/libstub/tpm.o
  CC      drivers/mmc/host/dw_mmc-nexell.o
  CC      drivers/firmware/efi/libstub/file.o
  CC      drivers/mmc/host/sdhci-pltfm.o
  CC      drivers/firmware/efi/libstub/mem.o
  CC      drivers/mmc/host/sdhci-cadence.o
  CC      drivers/firmware/efi/libstub/random.o
  CC      drivers/mmc/host/sdhci-of-arasan.o
  CC      drivers/firmware/efi/libstub/randomalloc.o
  CC      drivers/firmware/efi/libstub/pci.o
  CC      drivers/mmc/host/cqhci.o
  CC      drivers/firmware/efi/libstub/skip_spaces.o
  CC      drivers/firmware/efi/libstub/lib-cmdline.o
  CC      drivers/firmware/efi/libstub/lib-ctype.o
  CC      drivers/firmware/efi/libstub/alignedmem.o
  CC      drivers/firmware/efi/libstub/relocate.o
  CC      drivers/mmc/host/sdhci-xenon.o
  CC      drivers/firmware/efi/libstub/vsprintf.o
  CC      drivers/mmc/host/sdhci-xenon-phy.o
  CC      drivers/firmware/efi/libstub/efi-stub.o
  CC      drivers/firmware/efi/libstub/fdt.o
  AR      drivers/mmc/host/built-in.a
  AR      drivers/mmc/built-in.a
  CC      drivers/firmware/efi/libstub/string.o
  CC      drivers/firmware/efi/libstub/lib-fdt_rw.o
  CC      drivers/firmware/efi/libstub/lib-fdt_ro.o
  CC      drivers/firmware/efi/libstub/lib-fdt_wip.o
  CC      drivers/firmware/efi/libstub/lib-fdt.o
  CC      drivers/firmware/efi/libstub/lib-fdt_empty_tree.o
  CC      drivers/firmware/efi/libstub/lib-fdt_sw.o
  CC      drivers/firmware/efi/libstub/arm64-stub.o
  STUBCPY drivers/firmware/efi/libstub/alignedmem.stub.o
  STUBCPY drivers/firmware/efi/libstub/efi-stub-helper.stub.o
  STUBCPY drivers/firmware/efi/libstub/efi-stub.stub.o
  STUBCPY drivers/firmware/efi/libstub/fdt.stub.o
  STUBCPY drivers/firmware/efi/libstub/file.stub.o
  STUBCPY drivers/firmware/efi/libstub/gop.stub.o
  STUBCPY drivers/firmware/efi/libstub/lib-cmdline.stub.o
  STUBCPY drivers/firmware/efi/libstub/lib-ctype.stub.o
  STUBCPY drivers/firmware/efi/libstub/lib-fdt.stub.o
  STUBCPY drivers/firmware/efi/libstub/lib-fdt_empty_tree.stub.o
  STUBCPY drivers/firmware/efi/libstub/lib-fdt_ro.stub.o
  STUBCPY drivers/firmware/efi/libstub/lib-fdt_rw.stub.o
  STUBCPY drivers/firmware/efi/libstub/lib-fdt_sw.stub.o
  STUBCPY drivers/firmware/efi/libstub/lib-fdt_wip.stub.o
  STUBCPY drivers/firmware/efi/libstub/mem.stub.o
  STUBCPY drivers/firmware/efi/libstub/pci.stub.o
  STUBCPY drivers/firmware/efi/libstub/random.stub.o
  STUBCPY drivers/firmware/efi/libstub/randomalloc.stub.o
  STUBCPY drivers/firmware/efi/libstub/relocate.stub.o
  STUBCPY drivers/firmware/efi/libstub/secureboot.stub.o
  STUBCPY drivers/firmware/efi/libstub/skip_spaces.stub.o
  STUBCPY drivers/firmware/efi/libstub/string.stub.o
  STUBCPY drivers/firmware/efi/libstub/tpm.stub.o
  STUBCPY drivers/firmware/efi/libstub/vsprintf.stub.o
  CC      drivers/firmware/efi/efi.o
  STUBCPY drivers/firmware/efi/libstub/arm64-stub.stub.o
  AR      drivers/firmware/efi/libstub/lib.a
  AR      drivers/crypto/hisilicon/built-in.a
  AR      drivers/crypto/built-in.a
  AR      drivers/firmware/imx/built-in.a
  CC      drivers/firmware/psci/psci.o
  CC      drivers/firmware/efi/vars.o
  AR      drivers/firmware/psci/built-in.a
  CC      drivers/clocksource/timer-of.o
  CC      drivers/clocksource/timer-probe.o
  CC      drivers/firmware/efi/reboot.o
  CC      drivers/clocksource/s5pxx18_timer.o
  CC      drivers/firmware/efi/memattr.o
  CC      drivers/clocksource/dummy_timer.o
  CC      drivers/firmware/efi/tpm.o
  AR      drivers/clocksource/built-in.a
  CC      drivers/firmware/efi/capsule.o
  CC      drivers/firmware/smccc/smccc.o
  CC      drivers/firmware/smccc/soc_id.o
  CC      drivers/firmware/efi/memmap.o
  AR      drivers/firmware/smccc/built-in.a
  CC      drivers/hid/usbhid/hid-core.o
  CC      drivers/firmware/efi/fdtparams.o
  CC      drivers/firmware/efi/esrt.o
  CC      drivers/firmware/efi/efi-pstore.o
  AR      drivers/hid/usbhid/built-in.a
  CC      drivers/hid/hid-core.o
  CC      drivers/firmware/efi/cper.o
  CC      drivers/firmware/efi/runtime-wrappers.o
  CC      drivers/hid/hid-input.o
  CC      drivers/firmware/efi/efi-init.o
  CC      drivers/firmware/efi/arm-runtime.o
  CC      drivers/firmware/efi/capsule-loader.o
  CC      drivers/hid/hid-quirks.o
  CC      drivers/firmware/efi/earlycon.o
  CC      drivers/hid/hid-debug.o
  CC      drivers/firmware/efi/cper-arm.o
  CC      drivers/hid/hid-generic.o
  AR      drivers/firmware/efi/built-in.a
  AR      drivers/firmware/tegra/built-in.a
  AR      drivers/firmware/xilinx/built-in.a
  CC      drivers/firmware/arm_scpi.o
  CC      drivers/hid/hid-a4tech.o
  CC      drivers/hid/hid-apple.o
  CC      drivers/firmware/scpi_pm_domain.o
  CC      drivers/hid/hid-belkin.o
  CC      drivers/firmware/arm_sdei.o
  CC      drivers/hid/hid-cherry.o
  CC      drivers/hid/hid-chicony.o
  CC      drivers/firmware/dmi_scan.o
  CC      drivers/hid/hid-cypress.o
  CC      drivers/hid/hid-ezkey.o
  CC      drivers/firmware/dmi-id.o
  CC      drivers/hid/hid-ite.o
  AR      drivers/firmware/built-in.a
  CC      drivers/of/base.o
  CC      drivers/hid/hid-kensington.o
  CC      drivers/hid/hid-lg.o
  CC      drivers/of/device.o
  CC      drivers/hid/hid-lg-g15.o
  CC      drivers/of/platform.o
  CC      drivers/hid/hid-microsoft.o
  CC      drivers/of/property.o
  CC      drivers/hid/hid-monterey.o
  CC      drivers/hid/hid-redragon.o
  AR      drivers/hid/built-in.a
  CC      drivers/platform/chrome/cros_ec.o
  CC      drivers/of/kobj.o
  CC      drivers/of/dynamic.o
  CC      drivers/platform/chrome/cros_ec_i2c.o
  CC      drivers/of/fdt.o
  CC      drivers/platform/chrome/cros_ec_spi.o
  CC      drivers/platform/chrome/cros_ec_proto.o
  CC      drivers/of/fdt_address.o
  CC      drivers/of/address.o
  CC      drivers/platform/chrome/cros_ec_trace.o
  CC      drivers/platform/chrome/cros_ec_lightbar.o
  CC      drivers/of/irq.o
  CC      drivers/platform/chrome/cros_ec_vbc.o
  CC      drivers/of/of_net.o
  CC      drivers/platform/chrome/cros_ec_debugfs.o
  CC      drivers/of/of_reserved_mem.o
  CC      drivers/platform/chrome/cros_ec_sensorhub.o
  CC      drivers/platform/chrome/cros_ec_sensorhub_ring.o
  CC      drivers/of/resolver.o
  CC      drivers/of/overlay.o
  CC      drivers/platform/chrome/cros_ec_sysfs.o
  CC      drivers/of/of_numa.o
  CC      drivers/platform/chrome/cros_usbpd_notify.o
  AR      drivers/of/built-in.a
  CC      drivers/mailbox/mailbox.o
  AR      drivers/platform/chrome/built-in.a
  AR      drivers/platform/surface/built-in.a
  AR      drivers/platform/built-in.a
  CC      drivers/hwspinlock/hwspinlock_core.o
  CC      drivers/mailbox/arm_mhu.o
  AR      drivers/hwspinlock/built-in.a
  CC      drivers/remoteproc/remoteproc_core.o
  CC      drivers/mailbox/arm_mhu_db.o
  CC      drivers/mailbox/platform_mhu.o
  CC      drivers/mailbox/pcc.o
  CC      drivers/remoteproc/remoteproc_coredump.o
  AR      drivers/mailbox/built-in.a
  CC      drivers/devfreq/devfreq.o
  CC      drivers/remoteproc/remoteproc_debugfs.o
  CC      drivers/remoteproc/remoteproc_sysfs.o
  CC      drivers/remoteproc/remoteproc_virtio.o
  CC      drivers/devfreq/governor_simpleondemand.o
  CC      drivers/remoteproc/remoteproc_elf_loader.o
  AR      drivers/devfreq/built-in.a
  CC      drivers/extcon/extcon.o
  AR      drivers/remoteproc/built-in.a
  AR      drivers/iio/accel/built-in.a
  AR      drivers/iio/adc/built-in.a
  AR      drivers/iio/addac/built-in.a
  AR      drivers/iio/afe/built-in.a
  AR      drivers/iio/amplifiers/built-in.a
  AR      drivers/iio/buffer/built-in.a
  AR      drivers/iio/chemical/built-in.a
  AR      drivers/iio/common/cros_ec_sensors/built-in.a
  AR      drivers/iio/common/hid-sensors/built-in.a
  AR      drivers/iio/common/ms_sensors/built-in.a
  AR      drivers/iio/common/ssp_sensors/built-in.a
  AR      drivers/iio/common/st_sensors/built-in.a
  AR      drivers/iio/common/built-in.a
  AR      drivers/iio/dac/built-in.a
  AR      drivers/iio/dummy/built-in.a
  AR      drivers/iio/gyro/built-in.a
  AR      drivers/iio/frequency/built-in.a
  AR      drivers/iio/health/built-in.a
  AR      drivers/iio/humidity/built-in.a
  AR      drivers/iio/imu/bmi160/built-in.a
  AR      drivers/iio/imu/inv_icm42600/built-in.a
  AR      drivers/iio/imu/inv_mpu6050/built-in.a
  AR      drivers/iio/imu/st_lsm6dsx/built-in.a
  AR      drivers/iio/imu/built-in.a
  AR      drivers/iio/light/built-in.a
  AR      drivers/iio/magnetometer/built-in.a
  AR      drivers/iio/multiplexer/built-in.a
  AR      drivers/iio/orientation/built-in.a
  AR      drivers/iio/position/built-in.a
  AR      drivers/iio/potentiometer/built-in.a
  AR      drivers/iio/potentiostat/built-in.a
  AR      drivers/iio/pressure/built-in.a
  AR      drivers/iio/proximity/built-in.a
  AR      drivers/iio/resolver/built-in.a
  AR      drivers/iio/temperature/built-in.a
  AR      drivers/iio/trigger/built-in.a
  CC      drivers/iio/industrialio-core.o
  CC      drivers/extcon/devres.o
  CC      drivers/extcon/extcon-usb-gpio.o
  CC      drivers/extcon/extcon-usbc-cros-ec.o
  CC      drivers/iio/industrialio-event.o
  AR      drivers/extcon/built-in.a
  CC      drivers/perf/hisilicon/hisi_uncore_pmu.o
  CC      drivers/iio/inkern.o
  CC      drivers/perf/hisilicon/hisi_uncore_l3c_pmu.o
  CC      drivers/iio/industrialio-buffer.o
  CC      drivers/perf/hisilicon/hisi_uncore_hha_pmu.o
  CC      drivers/perf/hisilicon/hisi_uncore_ddrc_pmu.o
  CC      drivers/iio/industrialio-trigger.o
  AR      drivers/perf/hisilicon/built-in.a
  CC      drivers/perf/arm_pmu.o
  AR      drivers/iio/built-in.a
  CC      drivers/ras/ras.o
  CC      drivers/perf/arm_pmu_platform.o
  CC      drivers/ras/debugfs.o
  AR      drivers/ras/built-in.a
  CC      drivers/perf/arm_pmu_acpi.o
  AR      drivers/hwtracing/intel_th/built-in.a
  CC      drivers/nvmem/core.o
  AR      drivers/perf/built-in.a
  CC      drivers/tee/optee/core.o
  AR      drivers/nvmem/built-in.a
  CC      drivers/mux/core.o
  CC      drivers/tee/optee/call.o
  CC      drivers/mux/mmio.o
  CC      drivers/tee/optee/rpc.o
  AR      drivers/mux/built-in.a
  CC      drivers/interconnect/core.o
  CC      drivers/tee/optee/supp.o
  CC      drivers/tee/optee/shm_pool.o
  CC      drivers/interconnect/bulk.o
  CC      drivers/tee/optee/device.o
  AR      drivers/interconnect/built-in.a
  CC      drivers/tee/tee_core.o
  AR      drivers/tee/optee/built-in.a
  CC      drivers/tee/tee_shm.o
  CC      drivers/tee/tee_shm_pool.o
  AR      drivers/tee/built-in.a
  AR      drivers/built-in.a
  GEN     .version
  CHK     include/generated/compile.h
  LD      vmlinux.o
  MODPOST vmlinux.symvers
  MODINFO modules.builtin.modinfo
  GEN     modules.builtin
  LD      .tmp_vmlinux.kallsyms1
